old_path,new_path
C:\Users\marti\OneDrive\Desktop\Horizon Archive\Simplilearn Training Files\C4_Appl_Data_Sci_Py\C4_Appl_Data_Sci_Py\Instr_Slides_NB_Upd\Lesson_13_End_to_End_Statistics_Application_with_Python\Lesson_13\13.05_SciPy_for_Statistics_Solution.ipynb,C:\Users\marti\OneDrive\Desktop\Horizon Archive\Simplilearn Training Files\C4_Appl_Data_Sci_Py\C4_Appl_Data_Sci_Py\Instr_Slides_NB_Upd\Lesson_13_End_to_End_Statistics_Application_with_Python\Lesson_13\13.05_SciPy_for_Stats_Sol.ipynb
C:\Users\marti\OneDrive\Desktop\Horizon Archive\Simplilearn Training Files\C6_DL_Learn_Spec\C6_DL_Learn_Spec\Instr_Slides_NB\Lesson_07_Model_Optimization_and_Performance_Improvement\Lesson_07_Model_Optimization_and_Performance_Improvement.pdf,C:\Users\marti\OneDrive\Desktop\Horizon Archive\Simplilearn Training Files\C6_DL_Learn_Spec\C6_DL_Learn_Spec\Instr_Slides_NB\Lesson_07_Model_Optimization_and_Performance_Improvement\L07_Model_Optim_Perf_Improve.pdf
C:\Users\marti\OneDrive\Desktop\Horizon Archive\Simplilearn Training Files\C5_ML_Learn_Using_Py\C5_ML_Learn_Using_Py\Instr_Slides_NBs\Lesson_04_Supervised_Learning_ Classification_and_its_Application\Lesson_4_Knowledge_Checks.pdf,C:\Users\marti\OneDrive\Desktop\Horizon Archive\Simplilearn Training Files\C5_ML_Learn_Using_Py\C5_ML_Learn_Using_Py\Instr_Slides_NBs\Lesson_04_Supervised_Learning_ Classification_and_its_Application\L4_KC.pdf
C:\Users\marti\OneDrive\Desktop\Horizon Archive\Simplilearn Training Files\C6_DL_Learn_Spec\C6_DL_Learn_Spec\Instr_Slides_NB\Lesson_07_Model_Optimization_and_Performance_Improvement\LEP_Implementation_Hyperparameter_Tuning.ipynb,C:\Users\marti\OneDrive\Desktop\Horizon Archive\Simplilearn Training Files\C6_DL_Learn_Spec\C6_DL_Learn_Spec\Instr_Slides_NB\Lesson_07_Model_Optimization_and_Performance_Improvement\LEP_Impl_Hype_Tuni.ipynb
C:\Users\marti\OneDrive\Desktop\Horizon Archive\Simplilearn Training Files\C4_Appl_Data_Sci_Py\C4_Appl_Data_Sci_Py\Data\Lesson_13_End_to_End_Statistics_Application_with_Python\13.02_Basic_Statistics_with_Python_Problem_Statment,C:\Users\marti\OneDrive\Desktop\Horizon Archive\Simplilearn Training Files\C4_Appl_Data_Sci_Py\C4_Appl_Data_Sci_Py\Data\Lesson_13_End_to_End_Statistics_Application_with_Python\13.02_Basi_Stat_with_P
C:\Users\marti\OneDrive\Desktop\Horizon Archive\Simplilearn Training Files\C5_ML_Learn_Using_Py\C5_ML_Learn_Using_Py\Instr_Slides_NBs\Lesson_03_Supervised_Learning_ Regression_and_its_Application\3.1_Supervised_Learning.ipynb,C:\Users\marti\OneDrive\Desktop\Horizon Archive\Simplilearn Training Files\C5_ML_Learn_Using_Py\C5_ML_Learn_Using_Py\Instr_Slides_NBs\Lesson_03_Supervised_Learning_ Regression_and_its_Application\3.1_SupLearn.ipynb
C:\Users\marti\OneDrive\Desktop\Horizon Archive\Simplilearn Training Files\C5_ML_Learn_Using_Py\C5_ML_Learn_Using_Py\Instr_Slides_NBs\Lesson_03_Supervised_Learning_ Regression_and_its_Application\Lesson_3_Knowledge_Checks.pdf,C:\Users\marti\OneDrive\Desktop\Horizon Archive\Simplilearn Training Files\C5_ML_Learn_Using_Py\C5_ML_Learn_Using_Py\Instr_Slides_NBs\Lesson_03_Supervised_Learning_ Regression_and_its_Application\L3_KC.pdf
C:\Users\marti\OneDrive\Desktop\Horizon Archive\Simplilearn Training Files\C4_Appl_Data_Sci_Py\C4_Appl_Data_Sci_Py\Instr_Slides_NB_Upd\Lesson_05_Data_Visualization\5.02_Seaborn_Plotly_Visualization_Basics_to_Advanced.ipynb,C:\Users\marti\OneDrive\Desktop\Horizon Archive\Simplilearn Training Files\C4_Appl_Data_Sci_Py\C4_Appl_Data_Sci_Py\Instr_Slides_NB_Upd\Lesson_05_Data_Visualization\5.02_Seab_Plot_Viz_Basi_to_A.ipynb
C:\Users\marti\OneDrive\Desktop\Horizon Archive\Simplilearn Training Files\C5_ML_Learn_Using_Py\C5_ML_Learn_Using_Py\Data\Lesson_04_Supervised_Learning_ Classification_and_its_Application\online_gaming_behavior_dataset.csv,C:\Users\marti\OneDrive\Desktop\Horizon Archive\Simplilearn Training Files\C5_ML_Learn_Using_Py\C5_ML_Learn_Using_Py\Data\Lesson_04_Supervised_Learning_ Classification_and_its_Application\onli_gami_beha_data.csv
C:\Users\marti\OneDrive\Desktop\Horizon Archive\Simplilearn Training Files\C5_ML_Learn_Using_Py\C5_ML_Learn_Using_Py\Instr_Slides_NBs\Lesson_02_Introduction_to_Machine_Learning\Lesson_2_Introduction_to_Machine_Learning.pdf,C:\Users\marti\OneDrive\Desktop\Horizon Archive\Simplilearn Training Files\C5_ML_Learn_Using_Py\C5_ML_Learn_Using_Py\Instr_Slides_NBs\Lesson_02_Introduction_to_Machine_Learning\L2_Intro_ML.pdf
C:\Users\marti\OneDrive\Desktop\Horizon Archive\Simplilearn Training Files\C4_Appl_Data_Sci_Py\C4_Appl_Data_Sci_Py\Instr_Slides_NB_Upd\Lesson_06_Math and Statistics Fundamentals\6.02_Statistics_Fundamentals_Updated.ipynb,C:\Users\marti\OneDrive\Desktop\Horizon Archive\Simplilearn Training Files\C4_Appl_Data_Sci_Py\C4_Appl_Data_Sci_Py\Instr_Slides_NB_Upd\Lesson_06_Math and Statistics Fundamentals\6.02_Stats_Fundamentals_Upd.ipynb
C:\Users\marti\OneDrive\Desktop\Horizon Archive\Simplilearn Training Files\C4_Appl_Data_Sci_Py\C4_Appl_Data_Sci_Py\Data\Lesson_13_End_to_End_Statistics_Application_with_Python\13.03_Basic_Statistics_with_Python_Solution,C:\Users\marti\OneDrive\Desktop\Horizon Archive\Simplilearn Training Files\C4_Appl_Data_Sci_Py\C4_Appl_Data_Sci_Py\Data\Lesson_13_End_to_End_Statistics_Application_with_Python\13.03_Basi_Stat_with_P
C:\Users\marti\OneDrive\Desktop\Horizon Archive\Simplilearn Training Files\C5_ML_Learn_Using_Py\C5_ML_Learn_Using_Py\Instr_Slides_NBs\Lesson_06_Unsupervised_Learning_Algorithms\6.1_Unsupervised_Learning_Algorithms.ipynb,C:\Users\marti\OneDrive\Desktop\Horizon Archive\Simplilearn Training Files\C5_ML_Learn_Using_Py\C5_ML_Learn_Using_Py\Instr_Slides_NBs\Lesson_06_Unsupervised_Learning_Algorithms\6.1_UnsupLearn_Algos.ipynb
C:\Users\marti\OneDrive\Desktop\Horizon Archive\Simplilearn Training Files\C5_ML_Learn_Using_Py\C5_ML_Learn_Using_Py\Instr_Slides_NBs\Lesson_06_Unsupervised_Learning_Algorithms\6.2_Unsupervised_Learning_Algorithms.ipynb,C:\Users\marti\OneDrive\Desktop\Horizon Archive\Simplilearn Training Files\C5_ML_Learn_Using_Py\C5_ML_Learn_Using_Py\Instr_Slides_NBs\Lesson_06_Unsupervised_Learning_Algorithms\6.2_UnsupLearn_Algos.ipynb
C:\Users\marti\OneDrive\Desktop\Horizon Archive\Simplilearn Training Files\C6_DL_Learn_Spec\C6_DL_Learn_Spec\Instr_Slides_NB\Lesson_07_Model_Optimization_and_Performance_Improvement\7.05_Implementation_of_Momentum.ipynb,C:\Users\marti\OneDrive\Desktop\Horizon Archive\Simplilearn Training Files\C6_DL_Learn_Spec\C6_DL_Learn_Spec\Instr_Slides_NB\Lesson_07_Model_Optimization_and_Performance_Improvement\7.05_Impl_of_Mome.ipynb
C:\Users\marti\OneDrive\Desktop\Horizon Archive\Simplilearn Training Files\C6_DL_Learn_Spec\C6_DL_Learn_Spec\Instr_Slides_NB\Lesson_07_Model_Optimization_and_Performance_Improvement\7.11_Implementation_of_Adadelta.ipynb,C:\Users\marti\OneDrive\Desktop\Horizon Archive\Simplilearn Training Files\C6_DL_Learn_Spec\C6_DL_Learn_Spec\Instr_Slides_NB\Lesson_07_Model_Optimization_and_Performance_Improvement\7.11_Impl_of_Adad.ipynb
C:\Users\marti\OneDrive\Desktop\Horizon Archive\Simplilearn Training Files\C6_DL_Learn_Spec\C6_DL_Learn_Spec\Instr_Slides_NB\Lesson_07_Model_Optimization_and_Performance_Improvement\7.07_Implementation_of_AdaGrad.ipynb,C:\Users\marti\OneDrive\Desktop\Horizon Archive\Simplilearn Training Files\C6_DL_Learn_Spec\C6_DL_Learn_Spec\Instr_Slides_NB\Lesson_07_Model_Optimization_and_Performance_Improvement\7.07_Impl_of_AdaG.ipynb
C:\Users\marti\OneDrive\Desktop\Horizon Archive\Simplilearn Training Files\C6_DL_Learn_Spec\C6_DL_Learn_Spec\Instr_Slides_NB\Lesson_07_Model_Optimization_and_Performance_Improvement\7.09_Implementation_of_RMSProp.ipynb,C:\Users\marti\OneDrive\Desktop\Horizon Archive\Simplilearn Training Files\C6_DL_Learn_Spec\C6_DL_Learn_Spec\Instr_Slides_NB\Lesson_07_Model_Optimization_and_Performance_Improvement\7.09_Impl_of_RMSP.ipynb
C:\Users\marti\OneDrive\Desktop\Horizon Archive\Simplilearn Training Files\C6_DL_Learn_Spec\C6_DL_Learn_Spec\Instr_Slides_NB\Lesson_07_Model_Optimization_and_Performance_Improvement\7.18_Implementation_of_Dropout.ipynb,C:\Users\marti\OneDrive\Desktop\Horizon Archive\Simplilearn Training Files\C6_DL_Learn_Spec\C6_DL_Learn_Spec\Instr_Slides_NB\Lesson_07_Model_Optimization_and_Performance_Improvement\7.18_Impl_of_Drop.ipynb
C:\Users\marti\OneDrive\Desktop\Horizon Archive\Simplilearn Training Files\C4_Appl_Data_Sci_Py\C4_Appl_Data_Sci_Py\Instr_Slides_NB_Upd\Lesson_02_Introduction_to_Data_Science\Lesson_02_Introduction_to_Data_Science.pdf,C:\Users\marti\OneDrive\Desktop\Horizon Archive\Simplilearn Training Files\C4_Appl_Data_Sci_Py\C4_Appl_Data_Sci_Py\Instr_Slides_NB_Upd\Lesson_02_Introduction_to_Data_Science\L02_Intro_DataSci.pdf
C:\Users\marti\OneDrive\Desktop\Horizon Archive\Simplilearn Training Files\C6_DL_Learn_Spec\C6_DL_Learn_Spec\Instr_Slides_NB\Lesson_13_Getting_Started_with_Autoencoders\Lesson_13_Getting_Started_with_Autoencoders.pdf,C:\Users\marti\OneDrive\Desktop\Horizon Archive\Simplilearn Training Files\C6_DL_Learn_Spec\C6_DL_Learn_Spec\Instr_Slides_NB\Lesson_13_Getting_Started_with_Autoencoders\L13_GetStart_AutoEnc.pdf
C:\Users\marti\OneDrive\Desktop\Horizon Archive\Simplilearn Training Files\C4_Appl_Data_Sci_Py\C4_Appl_Data_Sci_Py\Instr_Slides_NB_Upd\Lesson_07_Probability_Distribution\7.01_Probability_Distribution_Updated.ipynb,C:\Users\marti\OneDrive\Desktop\Horizon Archive\Simplilearn Training Files\C4_Appl_Data_Sci_Py\C4_Appl_Data_Sci_Py\Instr_Slides_NB_Upd\Lesson_07_Probability_Distribution\7.01_Prob_Dist_Upd.ipynb
C:\Users\marti\OneDrive\Desktop\Horizon Archive\Simplilearn Training Files\C4_Appl_Data_Sci_Py\C4_Appl_Data_Sci_Py\Instr_Slides_NB_Upd\Lesson_05_Data_Visualization\5.01_Introduction_to_Data_Visualization.ipynb,C:\Users\marti\OneDrive\Desktop\Horizon Archive\Simplilearn Training Files\C4_Appl_Data_Sci_Py\C4_Appl_Data_Sci_Py\Instr_Slides_NB_Upd\Lesson_05_Data_Visualization\5.01_Intro_Data_Viz.ipynb
C:\Users\marti\OneDrive\Desktop\Horizon Archive\Simplilearn Training Files\C4_Appl_Data_Sci_Py\C4_Appl_Data_Sci_Py\Instr_Slides_NB_Upd\Lesson_06_Math and Statistics Fundamentals\Lesson_06_Knowledge_Checks.pdf,C:\Users\marti\OneDrive\Desktop\Horizon Archive\Simplilearn Training Files\C4_Appl_Data_Sci_Py\C4_Appl_Data_Sci_Py\Instr_Slides_NB_Upd\Lesson_06_Math and Statistics Fundamentals\L06_KC.pdf
C:\Users\marti\OneDrive\Desktop\Horizon Archive\Simplilearn Training Files\C6_DL_Learn_Spec\C6_DL_Learn_Spec\Instr_Slides_NB\Lesson_02_Introduction_to_Deep_Learning\Lesson_02_Introduction_to_Deep_Learning.pdf,C:\Users\marti\OneDrive\Desktop\Horizon Archive\Simplilearn Training Files\C6_DL_Learn_Spec\C6_DL_Learn_Spec\Instr_Slides_NB\Lesson_02_Introduction_to_Deep_Learning\L02_Intro_DL.pdf
C:\Users\marti\OneDrive\Desktop\Horizon Archive\Simplilearn Training Files\C6_DL_Learn_Spec\C6_DL_Learn_Spec\Instr_Slides_NB\Lesson_08_Convolutional_Neural_Networks\Lesson_08_Convolutional_Neural_Networks.pdf,C:\Users\marti\OneDrive\Desktop\Horizon Archive\Simplilearn Training Files\C6_DL_Learn_Spec\C6_DL_Learn_Spec\Instr_Slides_NB\Lesson_08_Convolutional_Neural_Networks\L08_CNNs.pdf
C:\Users\marti\OneDrive\Desktop\Horizon Archive\Simplilearn Training Files\C5_ML_Learn_Using_Py\C5_ML_Learn_Using_Py\Instr_Slides_NBs\Lesson_06_Unsupervised_Learning_Algorithms\Lesson_6_Knowledge_Checks.pdf,C:\Users\marti\OneDrive\Desktop\Horizon Archive\Simplilearn Training Files\C5_ML_Learn_Using_Py\C5_ML_Learn_Using_Py\Instr_Slides_NBs\Lesson_06_Unsupervised_Learning_Algorithms\L6_KC.pdf
C:\Users\marti\OneDrive\Desktop\Horizon Archive\Simplilearn Training Files\C6_DL_Learn_Spec\C6_DL_Learn_Spec\Instr_Slides_NB\Lesson_08_Convolutional_Neural_Networks\8.08_Image_Classification_Using_CNN.ipynb,C:\Users\marti\OneDrive\Desktop\Horizon Archive\Simplilearn Training Files\C6_DL_Learn_Spec\C6_DL_Learn_Spec\Instr_Slides_NB\Lesson_08_Convolutional_Neural_Networks\8.08_Image_Classif_Using_CNN.ipynb
C:\Users\marti\OneDrive\Desktop\Horizon Archive\Simplilearn Training Files\C4_Appl_Data_Sci_Py\C4_Appl_Data_Sci_Py\Instr_Slides_NB_Upd\L03_NumPy\3.03_NumPy_Arithmetic_Statistical_and_String_Functions.ipynb,C:\Users\marti\OneDrive\Desktop\Horizon Archive\Simplilearn Training Files\C4_Appl_Data_Sci_Py\C4_Appl_Data_Sci_Py\Instr_Slides_NB_Upd\L03_NumPy\3.03_NumP_Arit_Stat_Stri_Fun.ipynb
C:\Users\marti\OneDrive\Desktop\Horizon Archive\Simplilearn Training Files\C6_DL_Learn_Spec\C6_DL_Learn_Spec\Instr_Slides_NB\L03_Artif_Neural_Net\3.06_Configure_Neural_Network_and_Activation_Function.ipynb,C:\Users\marti\OneDrive\Desktop\Horizon Archive\Simplilearn Training Files\C6_DL_Learn_Spec\C6_DL_Learn_Spec\Instr_Slides_NB\L03_Artif_Neural_Net\3.06_Conf_Neur_Netw_Acti_Fun.ipynb
C:\Users\marti\OneDrive\Desktop\Horizon Archive\Simplilearn Training Files\C4_Appl_Data_Sci_Py\C4_Appl_Data_Sci_Py\Instr_Slides_NB_Upd\Lesson_04_Working_With_Pandas\4.03_Date_and_TimeDelta_in_Pandas.ipynb,C:\Users\marti\OneDrive\Desktop\Horizon Archive\Simplilearn Training Files\C4_Appl_Data_Sci_Py\C4_Appl_Data_Sci_Py\Instr_Slides_NB_Upd\Lesson_04_Working_With_Pandas\4.03_Date_Time_in_Pand.ipynb
C:\Users\marti\OneDrive\Desktop\Horizon Archive\Simplilearn Training Files\C6_DL_Learn_Spec\C6_DL_Learn_Spec\Instr_Slides_NB\L10_Obj_Detect\10.10_Converting_TensorFlow_Model_to_TensorFlow_Lite_Model.ipynb,C:\Users\marti\OneDrive\Desktop\Horizon Archive\Simplilearn Training Files\C6_DL_Learn_Spec\C6_DL_Learn_Spec\Instr_Slides_NB\L10_Obj_Detect\10.10_Conv_Tens_Mode_to_Tens.ipynb
C:\Users\marti\OneDrive\Desktop\Horizon Archive\Simplilearn Training Files\C6_DL_Learn_Spec\C6_DL_Learn_Spec\Instr_Slides_NB\Lesson_08_Convolutional_Neural_Networks\LEP_Image_Classifier_with_CIFAR10.ipynb,C:\Users\marti\OneDrive\Desktop\Horizon Archive\Simplilearn Training Files\C6_DL_Learn_Spec\C6_DL_Learn_Spec\Instr_Slides_NB\Lesson_08_Convolutional_Neural_Networks\LEP_Imag_Clas_with_CIFA.ipynb
C:\Users\marti\OneDrive\Desktop\Horizon Archive\Simplilearn Training Files\C6_DL_Learn_Spec\C6_DL_Learn_Spec\Data\CEP_Data\Automatic_Port_Operation\boat_type_classification_dataset\inflatable_boat\10.jpg,C:\Users\marti\OneDrive\Desktop\Horizon Archive\Simplilearn Training Files\C6_DL_Learn_Spec\C6_DL_Learn_Spec\Data\CEP_Data\Automatic_Port_Operation\boat_type_classification_dataset\inflatable_boat\10_it.jpg
C:\Users\marti\OneDrive\Desktop\Horizon Archive\Simplilearn Training Files\C6_DL_Learn_Spec\C6_DL_Learn_Spec\Data\CEP_Data\Automatic_Port_Operation\boat_type_classification_dataset\inflatable_boat\11.jpg,C:\Users\marti\OneDrive\Desktop\Horizon Archive\Simplilearn Training Files\C6_DL_Learn_Spec\C6_DL_Learn_Spec\Data\CEP_Data\Automatic_Port_Operation\boat_type_classification_dataset\inflatable_boat\11_it.jpg
C:\Users\marti\OneDrive\Desktop\Horizon Archive\Simplilearn Training Files\C6_DL_Learn_Spec\C6_DL_Learn_Spec\Data\CEP_Data\Automatic_Port_Operation\boat_type_classification_dataset\inflatable_boat\12.jpg,C:\Users\marti\OneDrive\Desktop\Horizon Archive\Simplilearn Training Files\C6_DL_Learn_Spec\C6_DL_Learn_Spec\Data\CEP_Data\Automatic_Port_Operation\boat_type_classification_dataset\inflatable_boat\12_it.jpg
C:\Users\marti\OneDrive\Desktop\Horizon Archive\Simplilearn Training Files\C6_DL_Learn_Spec\C6_DL_Learn_Spec\Data\CEP_Data\Automatic_Port_Operation\boat_type_classification_dataset\inflatable_boat\13.jpg,C:\Users\marti\OneDrive\Desktop\Horizon Archive\Simplilearn Training Files\C6_DL_Learn_Spec\C6_DL_Learn_Spec\Data\CEP_Data\Automatic_Port_Operation\boat_type_classification_dataset\inflatable_boat\13_it.jpg
C:\Users\marti\OneDrive\Desktop\Horizon Archive\Simplilearn Training Files\C6_DL_Learn_Spec\C6_DL_Learn_Spec\Data\CEP_Data\Automatic_Port_Operation\boat_type_classification_dataset\inflatable_boat\14.jpg,C:\Users\marti\OneDrive\Desktop\Horizon Archive\Simplilearn Training Files\C6_DL_Learn_Spec\C6_DL_Learn_Spec\Data\CEP_Data\Automatic_Port_Operation\boat_type_classification_dataset\inflatable_boat\14_it.jpg
C:\Users\marti\OneDrive\Desktop\Horizon Archive\Simplilearn Training Files\C6_DL_Learn_Spec\C6_DL_Learn_Spec\Data\CEP_Data\Automatic_Port_Operation\boat_type_classification_dataset\inflatable_boat\15.jpg,C:\Users\marti\OneDrive\Desktop\Horizon Archive\Simplilearn Training Files\C6_DL_Learn_Spec\C6_DL_Learn_Spec\Data\CEP_Data\Automatic_Port_Operation\boat_type_classification_dataset\inflatable_boat\15_it.jpg
C:\Users\marti\OneDrive\Desktop\Horizon Archive\Simplilearn Training Files\C6_DL_Learn_Spec\C6_DL_Learn_Spec\Data\CEP_Data\Automatic_Port_Operation\boat_type_classification_dataset\inflatable_boat\16.jpg,C:\Users\marti\OneDrive\Desktop\Horizon Archive\Simplilearn Training Files\C6_DL_Learn_Spec\C6_DL_Learn_Spec\Data\CEP_Data\Automatic_Port_Operation\boat_type_classification_dataset\inflatable_boat\16_it.jpg
C:\Users\marti\OneDrive\Desktop\Horizon Archive\Simplilearn Training Files\C6_DL_Learn_Spec\C6_DL_Learn_Spec\Data\CEP_Data\Automatic_Port_Operation\boat_type_classification_dataset\inflatable_boat\1.jpg,C:\Users\marti\OneDrive\Desktop\Horizon Archive\Simplilearn Training Files\C6_DL_Learn_Spec\C6_DL_Learn_Spec\Data\CEP_Data\Automatic_Port_Operation\boat_type_classification_dataset\inflatable_boat\1_it.jpg
C:\Users\marti\OneDrive\Desktop\Horizon Archive\Simplilearn Training Files\C6_DL_Learn_Spec\C6_DL_Learn_Spec\Data\CEP_Data\Automatic_Port_Operation\boat_type_classification_dataset\inflatable_boat\2.jpg,C:\Users\marti\OneDrive\Desktop\Horizon Archive\Simplilearn Training Files\C6_DL_Learn_Spec\C6_DL_Learn_Spec\Data\CEP_Data\Automatic_Port_Operation\boat_type_classification_dataset\inflatable_boat\2_it.jpg
C:\Users\marti\OneDrive\Desktop\Horizon Archive\Simplilearn Training Files\C6_DL_Learn_Spec\C6_DL_Learn_Spec\Data\CEP_Data\Automatic_Port_Operation\boat_type_classification_dataset\inflatable_boat\3.jpg,C:\Users\marti\OneDrive\Desktop\Horizon Archive\Simplilearn Training Files\C6_DL_Learn_Spec\C6_DL_Learn_Spec\Data\CEP_Data\Automatic_Port_Operation\boat_type_classification_dataset\inflatable_boat\3_it.jpg
C:\Users\marti\OneDrive\Desktop\Horizon Archive\Simplilearn Training Files\C6_DL_Learn_Spec\C6_DL_Learn_Spec\Data\CEP_Data\Automatic_Port_Operation\boat_type_classification_dataset\inflatable_boat\4.jpg,C:\Users\marti\OneDrive\Desktop\Horizon Archive\Simplilearn Training Files\C6_DL_Learn_Spec\C6_DL_Learn_Spec\Data\CEP_Data\Automatic_Port_Operation\boat_type_classification_dataset\inflatable_boat\4_it.jpg
C:\Users\marti\OneDrive\Desktop\Horizon Archive\Simplilearn Training Files\C6_DL_Learn_Spec\C6_DL_Learn_Spec\Data\CEP_Data\Automatic_Port_Operation\boat_type_classification_dataset\inflatable_boat\5.jpg,C:\Users\marti\OneDrive\Desktop\Horizon Archive\Simplilearn Training Files\C6_DL_Learn_Spec\C6_DL_Learn_Spec\Data\CEP_Data\Automatic_Port_Operation\boat_type_classification_dataset\inflatable_boat\5_it.jpg
C:\Users\marti\OneDrive\Desktop\Horizon Archive\Simplilearn Training Files\C6_DL_Learn_Spec\C6_DL_Learn_Spec\Data\CEP_Data\Automatic_Port_Operation\boat_type_classification_dataset\inflatable_boat\6.jpg,C:\Users\marti\OneDrive\Desktop\Horizon Archive\Simplilearn Training Files\C6_DL_Learn_Spec\C6_DL_Learn_Spec\Data\CEP_Data\Automatic_Port_Operation\boat_type_classification_dataset\inflatable_boat\6_it.jpg
C:\Users\marti\OneDrive\Desktop\Horizon Archive\Simplilearn Training Files\C6_DL_Learn_Spec\C6_DL_Learn_Spec\Data\CEP_Data\Automatic_Port_Operation\boat_type_classification_dataset\inflatable_boat\7.jpg,C:\Users\marti\OneDrive\Desktop\Horizon Archive\Simplilearn Training Files\C6_DL_Learn_Spec\C6_DL_Learn_Spec\Data\CEP_Data\Automatic_Port_Operation\boat_type_classification_dataset\inflatable_boat\7_it.jpg
C:\Users\marti\OneDrive\Desktop\Horizon Archive\Simplilearn Training Files\C6_DL_Learn_Spec\C6_DL_Learn_Spec\Data\CEP_Data\Automatic_Port_Operation\boat_type_classification_dataset\inflatable_boat\8.jpg,C:\Users\marti\OneDrive\Desktop\Horizon Archive\Simplilearn Training Files\C6_DL_Learn_Spec\C6_DL_Learn_Spec\Data\CEP_Data\Automatic_Port_Operation\boat_type_classification_dataset\inflatable_boat\8_it.jpg
C:\Users\marti\OneDrive\Desktop\Horizon Archive\Simplilearn Training Files\C6_DL_Learn_Spec\C6_DL_Learn_Spec\Data\CEP_Data\Automatic_Port_Operation\boat_type_classification_dataset\inflatable_boat\9.jpg,C:\Users\marti\OneDrive\Desktop\Horizon Archive\Simplilearn Training Files\C6_DL_Learn_Spec\C6_DL_Learn_Spec\Data\CEP_Data\Automatic_Port_Operation\boat_type_classification_dataset\inflatable_boat\9_it.jpg
C:\Users\marti\OneDrive\Desktop\Horizon Archive\Simplilearn Training Files\C4_Appl_Data_Sci_Py\C4_Appl_Data_Sci_Py\Instr_Slides_NB_Upd\Lesson_07_Probability_Distribution\Lesson_07_Knowledge_Checks.pdf,C:\Users\marti\OneDrive\Desktop\Horizon Archive\Simplilearn Training Files\C4_Appl_Data_Sci_Py\C4_Appl_Data_Sci_Py\Instr_Slides_NB_Upd\Lesson_07_Probability_Distribution\L07_KC.pdf
C:\Users\marti\OneDrive\Desktop\Horizon Archive\Simplilearn Training Files\C4_Appl_Data_Sci_Py\C4_Appl_Data_Sci_Py\Instr_Slides_NB_Upd\Lesson_13_End_to_End_Statistics_Application_with_Python\Lesson_13,C:\Users\marti\OneDrive\Desktop\Horizon Archive\Simplilearn Training Files\C4_Appl_Data_Sci_Py\C4_Appl_Data_Sci_Py\Instr_Slides_NB_Upd\Lesson_13_End_to_End_Statistics_Application_with_Python\L13
C:\Users\marti\OneDrive\Desktop\Horizon Archive\Simplilearn Training Files\C6_DL_Learn_Spec\C6_DL_Learn_Spec\Data\CEP_Data\Automatic_Port_Operation\boat_type_classification_dataset\freight_boat\10.jpg,C:\Users\marti\OneDrive\Desktop\Horizon Archive\Simplilearn Training Files\C6_DL_Learn_Spec\C6_DL_Learn_Spec\Data\CEP_Data\Automatic_Port_Operation\boat_type_classification_dataset\freight_boat\10_it.jpg
C:\Users\marti\OneDrive\Desktop\Horizon Archive\Simplilearn Training Files\C6_DL_Learn_Spec\C6_DL_Learn_Spec\Data\CEP_Data\Automatic_Port_Operation\boat_type_classification_dataset\freight_boat\11.jpg,C:\Users\marti\OneDrive\Desktop\Horizon Archive\Simplilearn Training Files\C6_DL_Learn_Spec\C6_DL_Learn_Spec\Data\CEP_Data\Automatic_Port_Operation\boat_type_classification_dataset\freight_boat\11_it.jpg
C:\Users\marti\OneDrive\Desktop\Horizon Archive\Simplilearn Training Files\C6_DL_Learn_Spec\C6_DL_Learn_Spec\Data\CEP_Data\Automatic_Port_Operation\boat_type_classification_dataset\freight_boat\12.jpg,C:\Users\marti\OneDrive\Desktop\Horizon Archive\Simplilearn Training Files\C6_DL_Learn_Spec\C6_DL_Learn_Spec\Data\CEP_Data\Automatic_Port_Operation\boat_type_classification_dataset\freight_boat\12_it.jpg
C:\Users\marti\OneDrive\Desktop\Horizon Archive\Simplilearn Training Files\C6_DL_Learn_Spec\C6_DL_Learn_Spec\Data\CEP_Data\Automatic_Port_Operation\boat_type_classification_dataset\freight_boat\13.jpg,C:\Users\marti\OneDrive\Desktop\Horizon Archive\Simplilearn Training Files\C6_DL_Learn_Spec\C6_DL_Learn_Spec\Data\CEP_Data\Automatic_Port_Operation\boat_type_classification_dataset\freight_boat\13_it.jpg
C:\Users\marti\OneDrive\Desktop\Horizon Archive\Simplilearn Training Files\C6_DL_Learn_Spec\C6_DL_Learn_Spec\Data\CEP_Data\Automatic_Port_Operation\boat_type_classification_dataset\freight_boat\14.jpg,C:\Users\marti\OneDrive\Desktop\Horizon Archive\Simplilearn Training Files\C6_DL_Learn_Spec\C6_DL_Learn_Spec\Data\CEP_Data\Automatic_Port_Operation\boat_type_classification_dataset\freight_boat\14_it.jpg
C:\Users\marti\OneDrive\Desktop\Horizon Archive\Simplilearn Training Files\C6_DL_Learn_Spec\C6_DL_Learn_Spec\Data\CEP_Data\Automatic_Port_Operation\boat_type_classification_dataset\freight_boat\15.jpg,C:\Users\marti\OneDrive\Desktop\Horizon Archive\Simplilearn Training Files\C6_DL_Learn_Spec\C6_DL_Learn_Spec\Data\CEP_Data\Automatic_Port_Operation\boat_type_classification_dataset\freight_boat\15_it.jpg
C:\Users\marti\OneDrive\Desktop\Horizon Archive\Simplilearn Training Files\C6_DL_Learn_Spec\C6_DL_Learn_Spec\Data\CEP_Data\Automatic_Port_Operation\boat_type_classification_dataset\freight_boat\16.jpg,C:\Users\marti\OneDrive\Desktop\Horizon Archive\Simplilearn Training Files\C6_DL_Learn_Spec\C6_DL_Learn_Spec\Data\CEP_Data\Automatic_Port_Operation\boat_type_classification_dataset\freight_boat\16_it.jpg
C:\Users\marti\OneDrive\Desktop\Horizon Archive\Simplilearn Training Files\C6_DL_Learn_Spec\C6_DL_Learn_Spec\Data\CEP_Data\Automatic_Port_Operation\boat_type_classification_dataset\freight_boat\17.jpg,C:\Users\marti\OneDrive\Desktop\Horizon Archive\Simplilearn Training Files\C6_DL_Learn_Spec\C6_DL_Learn_Spec\Data\CEP_Data\Automatic_Port_Operation\boat_type_classification_dataset\freight_boat\17_it.jpg
C:\Users\marti\OneDrive\Desktop\Horizon Archive\Simplilearn Training Files\C6_DL_Learn_Spec\C6_DL_Learn_Spec\Data\CEP_Data\Automatic_Port_Operation\boat_type_classification_dataset\freight_boat\18.jpg,C:\Users\marti\OneDrive\Desktop\Horizon Archive\Simplilearn Training Files\C6_DL_Learn_Spec\C6_DL_Learn_Spec\Data\CEP_Data\Automatic_Port_Operation\boat_type_classification_dataset\freight_boat\18_it.jpg
C:\Users\marti\OneDrive\Desktop\Horizon Archive\Simplilearn Training Files\C6_DL_Learn_Spec\C6_DL_Learn_Spec\Data\CEP_Data\Automatic_Port_Operation\boat_type_classification_dataset\freight_boat\19.jpg,C:\Users\marti\OneDrive\Desktop\Horizon Archive\Simplilearn Training Files\C6_DL_Learn_Spec\C6_DL_Learn_Spec\Data\CEP_Data\Automatic_Port_Operation\boat_type_classification_dataset\freight_boat\19_it.jpg
C:\Users\marti\OneDrive\Desktop\Horizon Archive\Simplilearn Training Files\C6_DL_Learn_Spec\C6_DL_Learn_Spec\Data\CEP_Data\Automatic_Port_Operation\boat_type_classification_dataset\freight_boat\20.jpg,C:\Users\marti\OneDrive\Desktop\Horizon Archive\Simplilearn Training Files\C6_DL_Learn_Spec\C6_DL_Learn_Spec\Data\CEP_Data\Automatic_Port_Operation\boat_type_classification_dataset\freight_boat\20_it.jpg
C:\Users\marti\OneDrive\Desktop\Horizon Archive\Simplilearn Training Files\C6_DL_Learn_Spec\C6_DL_Learn_Spec\Data\CEP_Data\Automatic_Port_Operation\boat_type_classification_dataset\freight_boat\21.jpg,C:\Users\marti\OneDrive\Desktop\Horizon Archive\Simplilearn Training Files\C6_DL_Learn_Spec\C6_DL_Learn_Spec\Data\CEP_Data\Automatic_Port_Operation\boat_type_classification_dataset\freight_boat\21_it.jpg
C:\Users\marti\OneDrive\Desktop\Horizon Archive\Simplilearn Training Files\C6_DL_Learn_Spec\C6_DL_Learn_Spec\Data\CEP_Data\Automatic_Port_Operation\boat_type_classification_dataset\freight_boat\22.jpg,C:\Users\marti\OneDrive\Desktop\Horizon Archive\Simplilearn Training Files\C6_DL_Learn_Spec\C6_DL_Learn_Spec\Data\CEP_Data\Automatic_Port_Operation\boat_type_classification_dataset\freight_boat\22_it.jpg
C:\Users\marti\OneDrive\Desktop\Horizon Archive\Simplilearn Training Files\C6_DL_Learn_Spec\C6_DL_Learn_Spec\Data\CEP_Data\Automatic_Port_Operation\boat_type_classification_dataset\freight_boat\23.jpg,C:\Users\marti\OneDrive\Desktop\Horizon Archive\Simplilearn Training Files\C6_DL_Learn_Spec\C6_DL_Learn_Spec\Data\CEP_Data\Automatic_Port_Operation\boat_type_classification_dataset\freight_boat\23_it.jpg
C:\Users\marti\OneDrive\Desktop\Horizon Archive\Simplilearn Training Files\C5_ML_Learn_Using_Py\C5_ML_Learn_Using_Py\Instr_Slides_NBs\Lesson_04_Supervised_Learning_ Classification_and_its_Application,C:\Users\marti\OneDrive\Desktop\Horizon Archive\Simplilearn Training Files\C5_ML_Learn_Using_Py\C5_ML_Learn_Using_Py\Instr_Slides_NBs\L04_SupL_Clas_its_App
C:\Users\marti\OneDrive\Desktop\Horizon Archive\Simplilearn Training Files\C6_DL_Learn_Spec\C6_DL_Learn_Spec\Data\CEP_Data\Automatic_Port_Operation\boat_type_classification_dataset\cruise_ship\10.jpg,C:\Users\marti\OneDrive\Desktop\Horizon Archive\Simplilearn Training Files\C6_DL_Learn_Spec\C6_DL_Learn_Spec\Data\CEP_Data\Automatic_Port_Operation\boat_type_classification_dataset\cruise_ship\10_it.jpg
C:\Users\marti\OneDrive\Desktop\Horizon Archive\Simplilearn Training Files\C6_DL_Learn_Spec\C6_DL_Learn_Spec\Data\CEP_Data\Automatic_Port_Operation\boat_type_classification_dataset\cruise_ship\11.jpg,C:\Users\marti\OneDrive\Desktop\Horizon Archive\Simplilearn Training Files\C6_DL_Learn_Spec\C6_DL_Learn_Spec\Data\CEP_Data\Automatic_Port_Operation\boat_type_classification_dataset\cruise_ship\11_it.jpg
C:\Users\marti\OneDrive\Desktop\Horizon Archive\Simplilearn Training Files\C6_DL_Learn_Spec\C6_DL_Learn_Spec\Data\CEP_Data\Automatic_Port_Operation\boat_type_classification_dataset\cruise_ship\12.jpg,C:\Users\marti\OneDrive\Desktop\Horizon Archive\Simplilearn Training Files\C6_DL_Learn_Spec\C6_DL_Learn_Spec\Data\CEP_Data\Automatic_Port_Operation\boat_type_classification_dataset\cruise_ship\12_it.jpg
C:\Users\marti\OneDrive\Desktop\Horizon Archive\Simplilearn Training Files\C6_DL_Learn_Spec\C6_DL_Learn_Spec\Data\CEP_Data\Automatic_Port_Operation\boat_type_classification_dataset\cruise_ship\13.jpg,C:\Users\marti\OneDrive\Desktop\Horizon Archive\Simplilearn Training Files\C6_DL_Learn_Spec\C6_DL_Learn_Spec\Data\CEP_Data\Automatic_Port_Operation\boat_type_classification_dataset\cruise_ship\13_it.jpg
C:\Users\marti\OneDrive\Desktop\Horizon Archive\Simplilearn Training Files\C6_DL_Learn_Spec\C6_DL_Learn_Spec\Data\CEP_Data\Automatic_Port_Operation\boat_type_classification_dataset\cruise_ship\14.jpg,C:\Users\marti\OneDrive\Desktop\Horizon Archive\Simplilearn Training Files\C6_DL_Learn_Spec\C6_DL_Learn_Spec\Data\CEP_Data\Automatic_Port_Operation\boat_type_classification_dataset\cruise_ship\14_it.jpg
C:\Users\marti\OneDrive\Desktop\Horizon Archive\Simplilearn Training Files\C6_DL_Learn_Spec\C6_DL_Learn_Spec\Data\CEP_Data\Automatic_Port_Operation\boat_type_classification_dataset\cruise_ship\15.jpg,C:\Users\marti\OneDrive\Desktop\Horizon Archive\Simplilearn Training Files\C6_DL_Learn_Spec\C6_DL_Learn_Spec\Data\CEP_Data\Automatic_Port_Operation\boat_type_classification_dataset\cruise_ship\15_it.jpg
C:\Users\marti\OneDrive\Desktop\Horizon Archive\Simplilearn Training Files\C6_DL_Learn_Spec\C6_DL_Learn_Spec\Data\CEP_Data\Automatic_Port_Operation\boat_type_classification_dataset\cruise_ship\16.jpg,C:\Users\marti\OneDrive\Desktop\Horizon Archive\Simplilearn Training Files\C6_DL_Learn_Spec\C6_DL_Learn_Spec\Data\CEP_Data\Automatic_Port_Operation\boat_type_classification_dataset\cruise_ship\16_it.jpg
C:\Users\marti\OneDrive\Desktop\Horizon Archive\Simplilearn Training Files\C6_DL_Learn_Spec\C6_DL_Learn_Spec\Data\CEP_Data\Automatic_Port_Operation\boat_type_classification_dataset\cruise_ship\17.jpg,C:\Users\marti\OneDrive\Desktop\Horizon Archive\Simplilearn Training Files\C6_DL_Learn_Spec\C6_DL_Learn_Spec\Data\CEP_Data\Automatic_Port_Operation\boat_type_classification_dataset\cruise_ship\17_it.jpg
C:\Users\marti\OneDrive\Desktop\Horizon Archive\Simplilearn Training Files\C6_DL_Learn_Spec\C6_DL_Learn_Spec\Data\CEP_Data\Automatic_Port_Operation\boat_type_classification_dataset\cruise_ship\18.jpg,C:\Users\marti\OneDrive\Desktop\Horizon Archive\Simplilearn Training Files\C6_DL_Learn_Spec\C6_DL_Learn_Spec\Data\CEP_Data\Automatic_Port_Operation\boat_type_classification_dataset\cruise_ship\18_it.jpg
C:\Users\marti\OneDrive\Desktop\Horizon Archive\Simplilearn Training Files\C6_DL_Learn_Spec\C6_DL_Learn_Spec\Data\CEP_Data\Automatic_Port_Operation\boat_type_classification_dataset\cruise_ship\19.jpg,C:\Users\marti\OneDrive\Desktop\Horizon Archive\Simplilearn Training Files\C6_DL_Learn_Spec\C6_DL_Learn_Spec\Data\CEP_Data\Automatic_Port_Operation\boat_type_classification_dataset\cruise_ship\19_it.jpg
C:\Users\marti\OneDrive\Desktop\Horizon Archive\Simplilearn Training Files\C6_DL_Learn_Spec\C6_DL_Learn_Spec\Data\CEP_Data\Automatic_Port_Operation\boat_type_classification_dataset\cruise_ship\20.jpg,C:\Users\marti\OneDrive\Desktop\Horizon Archive\Simplilearn Training Files\C6_DL_Learn_Spec\C6_DL_Learn_Spec\Data\CEP_Data\Automatic_Port_Operation\boat_type_classification_dataset\cruise_ship\20_it.jpg
C:\Users\marti\OneDrive\Desktop\Horizon Archive\Simplilearn Training Files\C6_DL_Learn_Spec\C6_DL_Learn_Spec\Data\CEP_Data\Automatic_Port_Operation\boat_type_classification_dataset\cruise_ship\21.jpg,C:\Users\marti\OneDrive\Desktop\Horizon Archive\Simplilearn Training Files\C6_DL_Learn_Spec\C6_DL_Learn_Spec\Data\CEP_Data\Automatic_Port_Operation\boat_type_classification_dataset\cruise_ship\21_it.jpg
C:\Users\marti\OneDrive\Desktop\Horizon Archive\Simplilearn Training Files\C6_DL_Learn_Spec\C6_DL_Learn_Spec\Data\CEP_Data\Automatic_Port_Operation\boat_type_classification_dataset\cruise_ship\22.jpg,C:\Users\marti\OneDrive\Desktop\Horizon Archive\Simplilearn Training Files\C6_DL_Learn_Spec\C6_DL_Learn_Spec\Data\CEP_Data\Automatic_Port_Operation\boat_type_classification_dataset\cruise_ship\22_it.jpg
C:\Users\marti\OneDrive\Desktop\Horizon Archive\Simplilearn Training Files\C6_DL_Learn_Spec\C6_DL_Learn_Spec\Data\CEP_Data\Automatic_Port_Operation\boat_type_classification_dataset\cruise_ship\23.jpg,C:\Users\marti\OneDrive\Desktop\Horizon Archive\Simplilearn Training Files\C6_DL_Learn_Spec\C6_DL_Learn_Spec\Data\CEP_Data\Automatic_Port_Operation\boat_type_classification_dataset\cruise_ship\23_it.jpg
C:\Users\marti\OneDrive\Desktop\Horizon Archive\Simplilearn Training Files\C6_DL_Learn_Spec\C6_DL_Learn_Spec\Data\CEP_Data\Automatic_Port_Operation\boat_type_classification_dataset\cruise_ship\24.jpg,C:\Users\marti\OneDrive\Desktop\Horizon Archive\Simplilearn Training Files\C6_DL_Learn_Spec\C6_DL_Learn_Spec\Data\CEP_Data\Automatic_Port_Operation\boat_type_classification_dataset\cruise_ship\24_it.jpg
C:\Users\marti\OneDrive\Desktop\Horizon Archive\Simplilearn Training Files\C6_DL_Learn_Spec\C6_DL_Learn_Spec\Data\CEP_Data\Automatic_Port_Operation\boat_type_classification_dataset\cruise_ship\25.jpg,C:\Users\marti\OneDrive\Desktop\Horizon Archive\Simplilearn Training Files\C6_DL_Learn_Spec\C6_DL_Learn_Spec\Data\CEP_Data\Automatic_Port_Operation\boat_type_classification_dataset\cruise_ship\25_it.jpg
C:\Users\marti\OneDrive\Desktop\Horizon Archive\Simplilearn Training Files\C6_DL_Learn_Spec\C6_DL_Learn_Spec\Data\CEP_Data\Automatic_Port_Operation\boat_type_classification_dataset\cruise_ship\26.jpg,C:\Users\marti\OneDrive\Desktop\Horizon Archive\Simplilearn Training Files\C6_DL_Learn_Spec\C6_DL_Learn_Spec\Data\CEP_Data\Automatic_Port_Operation\boat_type_classification_dataset\cruise_ship\26_it.jpg
C:\Users\marti\OneDrive\Desktop\Horizon Archive\Simplilearn Training Files\C6_DL_Learn_Spec\C6_DL_Learn_Spec\Data\CEP_Data\Automatic_Port_Operation\boat_type_classification_dataset\cruise_ship\27.jpg,C:\Users\marti\OneDrive\Desktop\Horizon Archive\Simplilearn Training Files\C6_DL_Learn_Spec\C6_DL_Learn_Spec\Data\CEP_Data\Automatic_Port_Operation\boat_type_classification_dataset\cruise_ship\27_it.jpg
C:\Users\marti\OneDrive\Desktop\Horizon Archive\Simplilearn Training Files\C6_DL_Learn_Spec\C6_DL_Learn_Spec\Data\CEP_Data\Automatic_Port_Operation\boat_type_classification_dataset\cruise_ship\28.jpg,C:\Users\marti\OneDrive\Desktop\Horizon Archive\Simplilearn Training Files\C6_DL_Learn_Spec\C6_DL_Learn_Spec\Data\CEP_Data\Automatic_Port_Operation\boat_type_classification_dataset\cruise_ship\28_it.jpg
C:\Users\marti\OneDrive\Desktop\Horizon Archive\Simplilearn Training Files\C6_DL_Learn_Spec\C6_DL_Learn_Spec\Data\CEP_Data\Automatic_Port_Operation\boat_type_classification_dataset\cruise_ship\29.jpg,C:\Users\marti\OneDrive\Desktop\Horizon Archive\Simplilearn Training Files\C6_DL_Learn_Spec\C6_DL_Learn_Spec\Data\CEP_Data\Automatic_Port_Operation\boat_type_classification_dataset\cruise_ship\29_it.jpg
C:\Users\marti\OneDrive\Desktop\Horizon Archive\Simplilearn Training Files\C6_DL_Learn_Spec\C6_DL_Learn_Spec\Data\CEP_Data\Automatic_Port_Operation\boat_type_classification_dataset\cruise_ship\30.jpg,C:\Users\marti\OneDrive\Desktop\Horizon Archive\Simplilearn Training Files\C6_DL_Learn_Spec\C6_DL_Learn_Spec\Data\CEP_Data\Automatic_Port_Operation\boat_type_classification_dataset\cruise_ship\30_it.jpg
C:\Users\marti\OneDrive\Desktop\Horizon Archive\Simplilearn Training Files\C6_DL_Learn_Spec\C6_DL_Learn_Spec\Data\CEP_Data\Automatic_Port_Operation\boat_type_classification_dataset\cruise_ship\31.jpg,C:\Users\marti\OneDrive\Desktop\Horizon Archive\Simplilearn Training Files\C6_DL_Learn_Spec\C6_DL_Learn_Spec\Data\CEP_Data\Automatic_Port_Operation\boat_type_classification_dataset\cruise_ship\31_it.jpg
C:\Users\marti\OneDrive\Desktop\Horizon Archive\Simplilearn Training Files\C6_DL_Learn_Spec\C6_DL_Learn_Spec\Data\CEP_Data\Automatic_Port_Operation\boat_type_classification_dataset\cruise_ship\32.jpg,C:\Users\marti\OneDrive\Desktop\Horizon Archive\Simplilearn Training Files\C6_DL_Learn_Spec\C6_DL_Learn_Spec\Data\CEP_Data\Automatic_Port_Operation\boat_type_classification_dataset\cruise_ship\32_it.jpg
C:\Users\marti\OneDrive\Desktop\Horizon Archive\Simplilearn Training Files\C6_DL_Learn_Spec\C6_DL_Learn_Spec\Data\CEP_Data\Automatic_Port_Operation\boat_type_classification_dataset\cruise_ship\33.jpg,C:\Users\marti\OneDrive\Desktop\Horizon Archive\Simplilearn Training Files\C6_DL_Learn_Spec\C6_DL_Learn_Spec\Data\CEP_Data\Automatic_Port_Operation\boat_type_classification_dataset\cruise_ship\33_it.jpg
C:\Users\marti\OneDrive\Desktop\Horizon Archive\Simplilearn Training Files\C6_DL_Learn_Spec\C6_DL_Learn_Spec\Data\CEP_Data\Automatic_Port_Operation\boat_type_classification_dataset\cruise_ship\34.jpg,C:\Users\marti\OneDrive\Desktop\Horizon Archive\Simplilearn Training Files\C6_DL_Learn_Spec\C6_DL_Learn_Spec\Data\CEP_Data\Automatic_Port_Operation\boat_type_classification_dataset\cruise_ship\34_it.jpg
C:\Users\marti\OneDrive\Desktop\Horizon Archive\Simplilearn Training Files\C6_DL_Learn_Spec\C6_DL_Learn_Spec\Data\CEP_Data\Automatic_Port_Operation\boat_type_classification_dataset\cruise_ship\35.jpg,C:\Users\marti\OneDrive\Desktop\Horizon Archive\Simplilearn Training Files\C6_DL_Learn_Spec\C6_DL_Learn_Spec\Data\CEP_Data\Automatic_Port_Operation\boat_type_classification_dataset\cruise_ship\35_it.jpg
C:\Users\marti\OneDrive\Desktop\Horizon Archive\Simplilearn Training Files\C6_DL_Learn_Spec\C6_DL_Learn_Spec\Data\CEP_Data\Automatic_Port_Operation\boat_type_classification_dataset\cruise_ship\36.jpg,C:\Users\marti\OneDrive\Desktop\Horizon Archive\Simplilearn Training Files\C6_DL_Learn_Spec\C6_DL_Learn_Spec\Data\CEP_Data\Automatic_Port_Operation\boat_type_classification_dataset\cruise_ship\36_it.jpg
C:\Users\marti\OneDrive\Desktop\Horizon Archive\Simplilearn Training Files\C6_DL_Learn_Spec\C6_DL_Learn_Spec\Data\CEP_Data\Automatic_Port_Operation\boat_type_classification_dataset\cruise_ship\37.jpg,C:\Users\marti\OneDrive\Desktop\Horizon Archive\Simplilearn Training Files\C6_DL_Learn_Spec\C6_DL_Learn_Spec\Data\CEP_Data\Automatic_Port_Operation\boat_type_classification_dataset\cruise_ship\37_it.jpg
C:\Users\marti\OneDrive\Desktop\Horizon Archive\Simplilearn Training Files\C6_DL_Learn_Spec\C6_DL_Learn_Spec\Data\CEP_Data\Automatic_Port_Operation\boat_type_classification_dataset\cruise_ship\38.jpg,C:\Users\marti\OneDrive\Desktop\Horizon Archive\Simplilearn Training Files\C6_DL_Learn_Spec\C6_DL_Learn_Spec\Data\CEP_Data\Automatic_Port_Operation\boat_type_classification_dataset\cruise_ship\38_it.jpg
C:\Users\marti\OneDrive\Desktop\Horizon Archive\Simplilearn Training Files\C6_DL_Learn_Spec\C6_DL_Learn_Spec\Data\CEP_Data\Automatic_Port_Operation\boat_type_classification_dataset\cruise_ship\39.jpg,C:\Users\marti\OneDrive\Desktop\Horizon Archive\Simplilearn Training Files\C6_DL_Learn_Spec\C6_DL_Learn_Spec\Data\CEP_Data\Automatic_Port_Operation\boat_type_classification_dataset\cruise_ship\39_it.jpg
C:\Users\marti\OneDrive\Desktop\Horizon Archive\Simplilearn Training Files\C6_DL_Learn_Spec\C6_DL_Learn_Spec\Data\CEP_Data\Automatic_Port_Operation\boat_type_classification_dataset\cruise_ship\40.jpg,C:\Users\marti\OneDrive\Desktop\Horizon Archive\Simplilearn Training Files\C6_DL_Learn_Spec\C6_DL_Learn_Spec\Data\CEP_Data\Automatic_Port_Operation\boat_type_classification_dataset\cruise_ship\40_it.jpg
C:\Users\marti\OneDrive\Desktop\Horizon Archive\Simplilearn Training Files\C6_DL_Learn_Spec\C6_DL_Learn_Spec\Data\CEP_Data\Automatic_Port_Operation\boat_type_classification_dataset\cruise_ship\41.jpg,C:\Users\marti\OneDrive\Desktop\Horizon Archive\Simplilearn Training Files\C6_DL_Learn_Spec\C6_DL_Learn_Spec\Data\CEP_Data\Automatic_Port_Operation\boat_type_classification_dataset\cruise_ship\41_it.jpg
C:\Users\marti\OneDrive\Desktop\Horizon Archive\Simplilearn Training Files\C6_DL_Learn_Spec\C6_DL_Learn_Spec\Data\CEP_Data\Automatic_Port_Operation\boat_type_classification_dataset\cruise_ship\42.jpg,C:\Users\marti\OneDrive\Desktop\Horizon Archive\Simplilearn Training Files\C6_DL_Learn_Spec\C6_DL_Learn_Spec\Data\CEP_Data\Automatic_Port_Operation\boat_type_classification_dataset\cruise_ship\42_it.jpg
C:\Users\marti\OneDrive\Desktop\Horizon Archive\Simplilearn Training Files\C6_DL_Learn_Spec\C6_DL_Learn_Spec\Data\CEP_Data\Automatic_Port_Operation\boat_type_classification_dataset\cruise_ship\43.jpg,C:\Users\marti\OneDrive\Desktop\Horizon Archive\Simplilearn Training Files\C6_DL_Learn_Spec\C6_DL_Learn_Spec\Data\CEP_Data\Automatic_Port_Operation\boat_type_classification_dataset\cruise_ship\43_it.jpg
C:\Users\marti\OneDrive\Desktop\Horizon Archive\Simplilearn Training Files\C6_DL_Learn_Spec\C6_DL_Learn_Spec\Data\CEP_Data\Automatic_Port_Operation\boat_type_classification_dataset\cruise_ship\44.jpg,C:\Users\marti\OneDrive\Desktop\Horizon Archive\Simplilearn Training Files\C6_DL_Learn_Spec\C6_DL_Learn_Spec\Data\CEP_Data\Automatic_Port_Operation\boat_type_classification_dataset\cruise_ship\44_it.jpg
C:\Users\marti\OneDrive\Desktop\Horizon Archive\Simplilearn Training Files\C6_DL_Learn_Spec\C6_DL_Learn_Spec\Data\CEP_Data\Automatic_Port_Operation\boat_type_classification_dataset\cruise_ship\45.jpg,C:\Users\marti\OneDrive\Desktop\Horizon Archive\Simplilearn Training Files\C6_DL_Learn_Spec\C6_DL_Learn_Spec\Data\CEP_Data\Automatic_Port_Operation\boat_type_classification_dataset\cruise_ship\45_it.jpg
C:\Users\marti\OneDrive\Desktop\Horizon Archive\Simplilearn Training Files\C6_DL_Learn_Spec\C6_DL_Learn_Spec\Data\CEP_Data\Automatic_Port_Operation\boat_type_classification_dataset\cruise_ship\46.jpg,C:\Users\marti\OneDrive\Desktop\Horizon Archive\Simplilearn Training Files\C6_DL_Learn_Spec\C6_DL_Learn_Spec\Data\CEP_Data\Automatic_Port_Operation\boat_type_classification_dataset\cruise_ship\46_it.jpg
C:\Users\marti\OneDrive\Desktop\Horizon Archive\Simplilearn Training Files\C6_DL_Learn_Spec\C6_DL_Learn_Spec\Data\CEP_Data\Automatic_Port_Operation\boat_type_classification_dataset\cruise_ship\47.jpg,C:\Users\marti\OneDrive\Desktop\Horizon Archive\Simplilearn Training Files\C6_DL_Learn_Spec\C6_DL_Learn_Spec\Data\CEP_Data\Automatic_Port_Operation\boat_type_classification_dataset\cruise_ship\47_it.jpg
C:\Users\marti\OneDrive\Desktop\Horizon Archive\Simplilearn Training Files\C6_DL_Learn_Spec\C6_DL_Learn_Spec\Data\CEP_Data\Automatic_Port_Operation\boat_type_classification_dataset\cruise_ship\48.jpg,C:\Users\marti\OneDrive\Desktop\Horizon Archive\Simplilearn Training Files\C6_DL_Learn_Spec\C6_DL_Learn_Spec\Data\CEP_Data\Automatic_Port_Operation\boat_type_classification_dataset\cruise_ship\48_it.jpg
C:\Users\marti\OneDrive\Desktop\Horizon Archive\Simplilearn Training Files\C6_DL_Learn_Spec\C6_DL_Learn_Spec\Data\CEP_Data\Automatic_Port_Operation\boat_type_classification_dataset\cruise_ship\49.jpg,C:\Users\marti\OneDrive\Desktop\Horizon Archive\Simplilearn Training Files\C6_DL_Learn_Spec\C6_DL_Learn_Spec\Data\CEP_Data\Automatic_Port_Operation\boat_type_classification_dataset\cruise_ship\49_it.jpg
C:\Users\marti\OneDrive\Desktop\Horizon Archive\Simplilearn Training Files\C6_DL_Learn_Spec\C6_DL_Learn_Spec\Data\CEP_Data\Automatic_Port_Operation\boat_type_classification_dataset\cruise_ship\50.jpg,C:\Users\marti\OneDrive\Desktop\Horizon Archive\Simplilearn Training Files\C6_DL_Learn_Spec\C6_DL_Learn_Spec\Data\CEP_Data\Automatic_Port_Operation\boat_type_classification_dataset\cruise_ship\50_it.jpg
C:\Users\marti\OneDrive\Desktop\Horizon Archive\Simplilearn Training Files\C6_DL_Learn_Spec\C6_DL_Learn_Spec\Data\CEP_Data\Automatic_Port_Operation\boat_type_classification_dataset\cruise_ship\51.jpg,C:\Users\marti\OneDrive\Desktop\Horizon Archive\Simplilearn Training Files\C6_DL_Learn_Spec\C6_DL_Learn_Spec\Data\CEP_Data\Automatic_Port_Operation\boat_type_classification_dataset\cruise_ship\51_it.jpg
C:\Users\marti\OneDrive\Desktop\Horizon Archive\Simplilearn Training Files\C6_DL_Learn_Spec\C6_DL_Learn_Spec\Data\CEP_Data\Automatic_Port_Operation\boat_type_classification_dataset\cruise_ship\52.jpg,C:\Users\marti\OneDrive\Desktop\Horizon Archive\Simplilearn Training Files\C6_DL_Learn_Spec\C6_DL_Learn_Spec\Data\CEP_Data\Automatic_Port_Operation\boat_type_classification_dataset\cruise_ship\52_it.jpg
C:\Users\marti\OneDrive\Desktop\Horizon Archive\Simplilearn Training Files\C6_DL_Learn_Spec\C6_DL_Learn_Spec\Data\CEP_Data\Automatic_Port_Operation\boat_type_classification_dataset\cruise_ship\53.jpg,C:\Users\marti\OneDrive\Desktop\Horizon Archive\Simplilearn Training Files\C6_DL_Learn_Spec\C6_DL_Learn_Spec\Data\CEP_Data\Automatic_Port_Operation\boat_type_classification_dataset\cruise_ship\53_it.jpg
C:\Users\marti\OneDrive\Desktop\Horizon Archive\Simplilearn Training Files\C6_DL_Learn_Spec\C6_DL_Learn_Spec\Data\CEP_Data\Automatic_Port_Operation\boat_type_classification_dataset\cruise_ship\54.jpg,C:\Users\marti\OneDrive\Desktop\Horizon Archive\Simplilearn Training Files\C6_DL_Learn_Spec\C6_DL_Learn_Spec\Data\CEP_Data\Automatic_Port_Operation\boat_type_classification_dataset\cruise_ship\54_it.jpg
C:\Users\marti\OneDrive\Desktop\Horizon Archive\Simplilearn Training Files\C6_DL_Learn_Spec\C6_DL_Learn_Spec\Data\CEP_Data\Automatic_Port_Operation\boat_type_classification_dataset\cruise_ship\55.jpg,C:\Users\marti\OneDrive\Desktop\Horizon Archive\Simplilearn Training Files\C6_DL_Learn_Spec\C6_DL_Learn_Spec\Data\CEP_Data\Automatic_Port_Operation\boat_type_classification_dataset\cruise_ship\55_it.jpg
C:\Users\marti\OneDrive\Desktop\Horizon Archive\Simplilearn Training Files\C6_DL_Learn_Spec\C6_DL_Learn_Spec\Data\CEP_Data\Automatic_Port_Operation\boat_type_classification_dataset\cruise_ship\56.jpg,C:\Users\marti\OneDrive\Desktop\Horizon Archive\Simplilearn Training Files\C6_DL_Learn_Spec\C6_DL_Learn_Spec\Data\CEP_Data\Automatic_Port_Operation\boat_type_classification_dataset\cruise_ship\56_it.jpg
C:\Users\marti\OneDrive\Desktop\Horizon Archive\Simplilearn Training Files\C6_DL_Learn_Spec\C6_DL_Learn_Spec\Data\CEP_Data\Automatic_Port_Operation\boat_type_classification_dataset\cruise_ship\57.jpg,C:\Users\marti\OneDrive\Desktop\Horizon Archive\Simplilearn Training Files\C6_DL_Learn_Spec\C6_DL_Learn_Spec\Data\CEP_Data\Automatic_Port_Operation\boat_type_classification_dataset\cruise_ship\57_it.jpg
C:\Users\marti\OneDrive\Desktop\Horizon Archive\Simplilearn Training Files\C6_DL_Learn_Spec\C6_DL_Learn_Spec\Data\CEP_Data\Automatic_Port_Operation\boat_type_classification_dataset\cruise_ship\58.jpg,C:\Users\marti\OneDrive\Desktop\Horizon Archive\Simplilearn Training Files\C6_DL_Learn_Spec\C6_DL_Learn_Spec\Data\CEP_Data\Automatic_Port_Operation\boat_type_classification_dataset\cruise_ship\58_it.jpg
C:\Users\marti\OneDrive\Desktop\Horizon Archive\Simplilearn Training Files\C6_DL_Learn_Spec\C6_DL_Learn_Spec\Data\CEP_Data\Automatic_Port_Operation\boat_type_classification_dataset\cruise_ship\59.jpg,C:\Users\marti\OneDrive\Desktop\Horizon Archive\Simplilearn Training Files\C6_DL_Learn_Spec\C6_DL_Learn_Spec\Data\CEP_Data\Automatic_Port_Operation\boat_type_classification_dataset\cruise_ship\59_it.jpg
C:\Users\marti\OneDrive\Desktop\Horizon Archive\Simplilearn Training Files\C6_DL_Learn_Spec\C6_DL_Learn_Spec\Data\CEP_Data\Automatic_Port_Operation\boat_type_classification_dataset\cruise_ship\60.jpg,C:\Users\marti\OneDrive\Desktop\Horizon Archive\Simplilearn Training Files\C6_DL_Learn_Spec\C6_DL_Learn_Spec\Data\CEP_Data\Automatic_Port_Operation\boat_type_classification_dataset\cruise_ship\60_it.jpg
C:\Users\marti\OneDrive\Desktop\Horizon Archive\Simplilearn Training Files\C6_DL_Learn_Spec\C6_DL_Learn_Spec\Data\CEP_Data\Automatic_Port_Operation\boat_type_classification_dataset\cruise_ship\61.jpg,C:\Users\marti\OneDrive\Desktop\Horizon Archive\Simplilearn Training Files\C6_DL_Learn_Spec\C6_DL_Learn_Spec\Data\CEP_Data\Automatic_Port_Operation\boat_type_classification_dataset\cruise_ship\61_it.jpg
C:\Users\marti\OneDrive\Desktop\Horizon Archive\Simplilearn Training Files\C6_DL_Learn_Spec\C6_DL_Learn_Spec\Data\CEP_Data\Automatic_Port_Operation\boat_type_classification_dataset\cruise_ship\62.jpg,C:\Users\marti\OneDrive\Desktop\Horizon Archive\Simplilearn Training Files\C6_DL_Learn_Spec\C6_DL_Learn_Spec\Data\CEP_Data\Automatic_Port_Operation\boat_type_classification_dataset\cruise_ship\62_it.jpg
C:\Users\marti\OneDrive\Desktop\Horizon Archive\Simplilearn Training Files\C6_DL_Learn_Spec\C6_DL_Learn_Spec\Data\CEP_Data\Automatic_Port_Operation\boat_type_classification_dataset\cruise_ship\63.jpg,C:\Users\marti\OneDrive\Desktop\Horizon Archive\Simplilearn Training Files\C6_DL_Learn_Spec\C6_DL_Learn_Spec\Data\CEP_Data\Automatic_Port_Operation\boat_type_classification_dataset\cruise_ship\63_it.jpg
C:\Users\marti\OneDrive\Desktop\Horizon Archive\Simplilearn Training Files\C6_DL_Learn_Spec\C6_DL_Learn_Spec\Data\CEP_Data\Automatic_Port_Operation\boat_type_classification_dataset\cruise_ship\64.jpg,C:\Users\marti\OneDrive\Desktop\Horizon Archive\Simplilearn Training Files\C6_DL_Learn_Spec\C6_DL_Learn_Spec\Data\CEP_Data\Automatic_Port_Operation\boat_type_classification_dataset\cruise_ship\64_it.jpg
C:\Users\marti\OneDrive\Desktop\Horizon Archive\Simplilearn Training Files\C6_DL_Learn_Spec\C6_DL_Learn_Spec\Data\CEP_Data\Automatic_Port_Operation\boat_type_classification_dataset\cruise_ship\65.jpg,C:\Users\marti\OneDrive\Desktop\Horizon Archive\Simplilearn Training Files\C6_DL_Learn_Spec\C6_DL_Learn_Spec\Data\CEP_Data\Automatic_Port_Operation\boat_type_classification_dataset\cruise_ship\65_it.jpg
C:\Users\marti\OneDrive\Desktop\Horizon Archive\Simplilearn Training Files\C6_DL_Learn_Spec\C6_DL_Learn_Spec\Data\CEP_Data\Automatic_Port_Operation\boat_type_classification_dataset\cruise_ship\66.jpg,C:\Users\marti\OneDrive\Desktop\Horizon Archive\Simplilearn Training Files\C6_DL_Learn_Spec\C6_DL_Learn_Spec\Data\CEP_Data\Automatic_Port_Operation\boat_type_classification_dataset\cruise_ship\66_it.jpg
C:\Users\marti\OneDrive\Desktop\Horizon Archive\Simplilearn Training Files\C6_DL_Learn_Spec\C6_DL_Learn_Spec\Data\CEP_Data\Automatic_Port_Operation\boat_type_classification_dataset\cruise_ship\67.jpg,C:\Users\marti\OneDrive\Desktop\Horizon Archive\Simplilearn Training Files\C6_DL_Learn_Spec\C6_DL_Learn_Spec\Data\CEP_Data\Automatic_Port_Operation\boat_type_classification_dataset\cruise_ship\67_it.jpg
C:\Users\marti\OneDrive\Desktop\Horizon Archive\Simplilearn Training Files\C6_DL_Learn_Spec\C6_DL_Learn_Spec\Data\CEP_Data\Automatic_Port_Operation\boat_type_classification_dataset\cruise_ship\68.jpg,C:\Users\marti\OneDrive\Desktop\Horizon Archive\Simplilearn Training Files\C6_DL_Learn_Spec\C6_DL_Learn_Spec\Data\CEP_Data\Automatic_Port_Operation\boat_type_classification_dataset\cruise_ship\68_it.jpg
C:\Users\marti\OneDrive\Desktop\Horizon Archive\Simplilearn Training Files\C6_DL_Learn_Spec\C6_DL_Learn_Spec\Data\CEP_Data\Automatic_Port_Operation\boat_type_classification_dataset\cruise_ship\69.jpg,C:\Users\marti\OneDrive\Desktop\Horizon Archive\Simplilearn Training Files\C6_DL_Learn_Spec\C6_DL_Learn_Spec\Data\CEP_Data\Automatic_Port_Operation\boat_type_classification_dataset\cruise_ship\69_it.jpg
C:\Users\marti\OneDrive\Desktop\Horizon Archive\Simplilearn Training Files\C6_DL_Learn_Spec\C6_DL_Learn_Spec\Data\CEP_Data\Automatic_Port_Operation\boat_type_classification_dataset\cruise_ship\70.jpg,C:\Users\marti\OneDrive\Desktop\Horizon Archive\Simplilearn Training Files\C6_DL_Learn_Spec\C6_DL_Learn_Spec\Data\CEP_Data\Automatic_Port_Operation\boat_type_classification_dataset\cruise_ship\70_it.jpg
C:\Users\marti\OneDrive\Desktop\Horizon Archive\Simplilearn Training Files\C6_DL_Learn_Spec\C6_DL_Learn_Spec\Data\CEP_Data\Automatic_Port_Operation\boat_type_classification_dataset\cruise_ship\71.jpg,C:\Users\marti\OneDrive\Desktop\Horizon Archive\Simplilearn Training Files\C6_DL_Learn_Spec\C6_DL_Learn_Spec\Data\CEP_Data\Automatic_Port_Operation\boat_type_classification_dataset\cruise_ship\71_it.jpg
C:\Users\marti\OneDrive\Desktop\Horizon Archive\Simplilearn Training Files\C6_DL_Learn_Spec\C6_DL_Learn_Spec\Data\CEP_Data\Automatic_Port_Operation\boat_type_classification_dataset\cruise_ship\72.jpg,C:\Users\marti\OneDrive\Desktop\Horizon Archive\Simplilearn Training Files\C6_DL_Learn_Spec\C6_DL_Learn_Spec\Data\CEP_Data\Automatic_Port_Operation\boat_type_classification_dataset\cruise_ship\72_it.jpg
C:\Users\marti\OneDrive\Desktop\Horizon Archive\Simplilearn Training Files\C6_DL_Learn_Spec\C6_DL_Learn_Spec\Data\CEP_Data\Automatic_Port_Operation\boat_type_classification_dataset\cruise_ship\73.jpg,C:\Users\marti\OneDrive\Desktop\Horizon Archive\Simplilearn Training Files\C6_DL_Learn_Spec\C6_DL_Learn_Spec\Data\CEP_Data\Automatic_Port_Operation\boat_type_classification_dataset\cruise_ship\73_it.jpg
C:\Users\marti\OneDrive\Desktop\Horizon Archive\Simplilearn Training Files\C6_DL_Learn_Spec\C6_DL_Learn_Spec\Data\CEP_Data\Automatic_Port_Operation\boat_type_classification_dataset\cruise_ship\74.jpg,C:\Users\marti\OneDrive\Desktop\Horizon Archive\Simplilearn Training Files\C6_DL_Learn_Spec\C6_DL_Learn_Spec\Data\CEP_Data\Automatic_Port_Operation\boat_type_classification_dataset\cruise_ship\74_it.jpg
C:\Users\marti\OneDrive\Desktop\Horizon Archive\Simplilearn Training Files\C6_DL_Learn_Spec\C6_DL_Learn_Spec\Data\CEP_Data\Automatic_Port_Operation\boat_type_classification_dataset\cruise_ship\75.jpg,C:\Users\marti\OneDrive\Desktop\Horizon Archive\Simplilearn Training Files\C6_DL_Learn_Spec\C6_DL_Learn_Spec\Data\CEP_Data\Automatic_Port_Operation\boat_type_classification_dataset\cruise_ship\75_it.jpg
C:\Users\marti\OneDrive\Desktop\Horizon Archive\Simplilearn Training Files\C6_DL_Learn_Spec\C6_DL_Learn_Spec\Data\CEP_Data\Automatic_Port_Operation\boat_type_classification_dataset\cruise_ship\76.jpg,C:\Users\marti\OneDrive\Desktop\Horizon Archive\Simplilearn Training Files\C6_DL_Learn_Spec\C6_DL_Learn_Spec\Data\CEP_Data\Automatic_Port_Operation\boat_type_classification_dataset\cruise_ship\76_it.jpg
C:\Users\marti\OneDrive\Desktop\Horizon Archive\Simplilearn Training Files\C6_DL_Learn_Spec\C6_DL_Learn_Spec\Data\CEP_Data\Automatic_Port_Operation\boat_type_classification_dataset\cruise_ship\77.jpg,C:\Users\marti\OneDrive\Desktop\Horizon Archive\Simplilearn Training Files\C6_DL_Learn_Spec\C6_DL_Learn_Spec\Data\CEP_Data\Automatic_Port_Operation\boat_type_classification_dataset\cruise_ship\77_it.jpg
C:\Users\marti\OneDrive\Desktop\Horizon Archive\Simplilearn Training Files\C6_DL_Learn_Spec\C6_DL_Learn_Spec\Data\CEP_Data\Automatic_Port_Operation\boat_type_classification_dataset\cruise_ship\78.jpg,C:\Users\marti\OneDrive\Desktop\Horizon Archive\Simplilearn Training Files\C6_DL_Learn_Spec\C6_DL_Learn_Spec\Data\CEP_Data\Automatic_Port_Operation\boat_type_classification_dataset\cruise_ship\78_it.jpg
C:\Users\marti\OneDrive\Desktop\Horizon Archive\Simplilearn Training Files\C6_DL_Learn_Spec\C6_DL_Learn_Spec\Data\CEP_Data\Automatic_Port_Operation\boat_type_classification_dataset\cruise_ship\79.jpg,C:\Users\marti\OneDrive\Desktop\Horizon Archive\Simplilearn Training Files\C6_DL_Learn_Spec\C6_DL_Learn_Spec\Data\CEP_Data\Automatic_Port_Operation\boat_type_classification_dataset\cruise_ship\79_it.jpg
C:\Users\marti\OneDrive\Desktop\Horizon Archive\Simplilearn Training Files\C6_DL_Learn_Spec\C6_DL_Learn_Spec\Data\CEP_Data\Automatic_Port_Operation\boat_type_classification_dataset\cruise_ship\80.jpg,C:\Users\marti\OneDrive\Desktop\Horizon Archive\Simplilearn Training Files\C6_DL_Learn_Spec\C6_DL_Learn_Spec\Data\CEP_Data\Automatic_Port_Operation\boat_type_classification_dataset\cruise_ship\80_it.jpg
C:\Users\marti\OneDrive\Desktop\Horizon Archive\Simplilearn Training Files\C6_DL_Learn_Spec\C6_DL_Learn_Spec\Data\CEP_Data\Automatic_Port_Operation\boat_type_classification_dataset\cruise_ship\81.jpg,C:\Users\marti\OneDrive\Desktop\Horizon Archive\Simplilearn Training Files\C6_DL_Learn_Spec\C6_DL_Learn_Spec\Data\CEP_Data\Automatic_Port_Operation\boat_type_classification_dataset\cruise_ship\81_it.jpg
C:\Users\marti\OneDrive\Desktop\Horizon Archive\Simplilearn Training Files\C6_DL_Learn_Spec\C6_DL_Learn_Spec\Data\CEP_Data\Automatic_Port_Operation\boat_type_classification_dataset\cruise_ship\82.jpg,C:\Users\marti\OneDrive\Desktop\Horizon Archive\Simplilearn Training Files\C6_DL_Learn_Spec\C6_DL_Learn_Spec\Data\CEP_Data\Automatic_Port_Operation\boat_type_classification_dataset\cruise_ship\82_it.jpg
C:\Users\marti\OneDrive\Desktop\Horizon Archive\Simplilearn Training Files\C6_DL_Learn_Spec\C6_DL_Learn_Spec\Data\CEP_Data\Automatic_Port_Operation\boat_type_classification_dataset\cruise_ship\83.jpg,C:\Users\marti\OneDrive\Desktop\Horizon Archive\Simplilearn Training Files\C6_DL_Learn_Spec\C6_DL_Learn_Spec\Data\CEP_Data\Automatic_Port_Operation\boat_type_classification_dataset\cruise_ship\83_it.jpg
C:\Users\marti\OneDrive\Desktop\Horizon Archive\Simplilearn Training Files\C6_DL_Learn_Spec\C6_DL_Learn_Spec\Data\CEP_Data\Automatic_Port_Operation\boat_type_classification_dataset\cruise_ship\84.jpg,C:\Users\marti\OneDrive\Desktop\Horizon Archive\Simplilearn Training Files\C6_DL_Learn_Spec\C6_DL_Learn_Spec\Data\CEP_Data\Automatic_Port_Operation\boat_type_classification_dataset\cruise_ship\84_it.jpg
C:\Users\marti\OneDrive\Desktop\Horizon Archive\Simplilearn Training Files\C6_DL_Learn_Spec\C6_DL_Learn_Spec\Data\CEP_Data\Automatic_Port_Operation\boat_type_classification_dataset\cruise_ship\85.jpg,C:\Users\marti\OneDrive\Desktop\Horizon Archive\Simplilearn Training Files\C6_DL_Learn_Spec\C6_DL_Learn_Spec\Data\CEP_Data\Automatic_Port_Operation\boat_type_classification_dataset\cruise_ship\85_it.jpg
C:\Users\marti\OneDrive\Desktop\Horizon Archive\Simplilearn Training Files\C6_DL_Learn_Spec\C6_DL_Learn_Spec\Data\CEP_Data\Automatic_Port_Operation\boat_type_classification_dataset\cruise_ship\86.jpg,C:\Users\marti\OneDrive\Desktop\Horizon Archive\Simplilearn Training Files\C6_DL_Learn_Spec\C6_DL_Learn_Spec\Data\CEP_Data\Automatic_Port_Operation\boat_type_classification_dataset\cruise_ship\86_it.jpg
C:\Users\marti\OneDrive\Desktop\Horizon Archive\Simplilearn Training Files\C6_DL_Learn_Spec\C6_DL_Learn_Spec\Data\CEP_Data\Automatic_Port_Operation\boat_type_classification_dataset\cruise_ship\87.jpg,C:\Users\marti\OneDrive\Desktop\Horizon Archive\Simplilearn Training Files\C6_DL_Learn_Spec\C6_DL_Learn_Spec\Data\CEP_Data\Automatic_Port_Operation\boat_type_classification_dataset\cruise_ship\87_it.jpg
C:\Users\marti\OneDrive\Desktop\Horizon Archive\Simplilearn Training Files\C6_DL_Learn_Spec\C6_DL_Learn_Spec\Data\CEP_Data\Automatic_Port_Operation\boat_type_classification_dataset\cruise_ship\88.jpg,C:\Users\marti\OneDrive\Desktop\Horizon Archive\Simplilearn Training Files\C6_DL_Learn_Spec\C6_DL_Learn_Spec\Data\CEP_Data\Automatic_Port_Operation\boat_type_classification_dataset\cruise_ship\88_it.jpg
C:\Users\marti\OneDrive\Desktop\Horizon Archive\Simplilearn Training Files\C6_DL_Learn_Spec\C6_DL_Learn_Spec\Data\CEP_Data\Automatic_Port_Operation\boat_type_classification_dataset\cruise_ship\89.jpg,C:\Users\marti\OneDrive\Desktop\Horizon Archive\Simplilearn Training Files\C6_DL_Learn_Spec\C6_DL_Learn_Spec\Data\CEP_Data\Automatic_Port_Operation\boat_type_classification_dataset\cruise_ship\89_it.jpg
C:\Users\marti\OneDrive\Desktop\Horizon Archive\Simplilearn Training Files\C6_DL_Learn_Spec\C6_DL_Learn_Spec\Data\CEP_Data\Automatic_Port_Operation\boat_type_classification_dataset\cruise_ship\90.jpg,C:\Users\marti\OneDrive\Desktop\Horizon Archive\Simplilearn Training Files\C6_DL_Learn_Spec\C6_DL_Learn_Spec\Data\CEP_Data\Automatic_Port_Operation\boat_type_classification_dataset\cruise_ship\90_it.jpg
C:\Users\marti\OneDrive\Desktop\Horizon Archive\Simplilearn Training Files\C6_DL_Learn_Spec\C6_DL_Learn_Spec\Data\CEP_Data\Automatic_Port_Operation\boat_type_classification_dataset\cruise_ship\91.jpg,C:\Users\marti\OneDrive\Desktop\Horizon Archive\Simplilearn Training Files\C6_DL_Learn_Spec\C6_DL_Learn_Spec\Data\CEP_Data\Automatic_Port_Operation\boat_type_classification_dataset\cruise_ship\91_it.jpg
C:\Users\marti\OneDrive\Desktop\Horizon Archive\Simplilearn Training Files\C6_DL_Learn_Spec\C6_DL_Learn_Spec\Data\CEP_Data\Automatic_Port_Operation\boat_type_classification_dataset\cruise_ship\92.jpg,C:\Users\marti\OneDrive\Desktop\Horizon Archive\Simplilearn Training Files\C6_DL_Learn_Spec\C6_DL_Learn_Spec\Data\CEP_Data\Automatic_Port_Operation\boat_type_classification_dataset\cruise_ship\92_it.jpg
C:\Users\marti\OneDrive\Desktop\Horizon Archive\Simplilearn Training Files\C6_DL_Learn_Spec\C6_DL_Learn_Spec\Data\CEP_Data\Automatic_Port_Operation\boat_type_classification_dataset\cruise_ship\93.jpg,C:\Users\marti\OneDrive\Desktop\Horizon Archive\Simplilearn Training Files\C6_DL_Learn_Spec\C6_DL_Learn_Spec\Data\CEP_Data\Automatic_Port_Operation\boat_type_classification_dataset\cruise_ship\93_it.jpg
C:\Users\marti\OneDrive\Desktop\Horizon Archive\Simplilearn Training Files\C6_DL_Learn_Spec\C6_DL_Learn_Spec\Data\CEP_Data\Automatic_Port_Operation\boat_type_classification_dataset\cruise_ship\94.jpg,C:\Users\marti\OneDrive\Desktop\Horizon Archive\Simplilearn Training Files\C6_DL_Learn_Spec\C6_DL_Learn_Spec\Data\CEP_Data\Automatic_Port_Operation\boat_type_classification_dataset\cruise_ship\94_it.jpg
C:\Users\marti\OneDrive\Desktop\Horizon Archive\Simplilearn Training Files\C6_DL_Learn_Spec\C6_DL_Learn_Spec\Data\CEP_Data\Automatic_Port_Operation\boat_type_classification_dataset\cruise_ship\95.jpg,C:\Users\marti\OneDrive\Desktop\Horizon Archive\Simplilearn Training Files\C6_DL_Learn_Spec\C6_DL_Learn_Spec\Data\CEP_Data\Automatic_Port_Operation\boat_type_classification_dataset\cruise_ship\95_it.jpg
C:\Users\marti\OneDrive\Desktop\Horizon Archive\Simplilearn Training Files\C6_DL_Learn_Spec\C6_DL_Learn_Spec\Data\CEP_Data\Automatic_Port_Operation\boat_type_classification_dataset\cruise_ship\96.jpg,C:\Users\marti\OneDrive\Desktop\Horizon Archive\Simplilearn Training Files\C6_DL_Learn_Spec\C6_DL_Learn_Spec\Data\CEP_Data\Automatic_Port_Operation\boat_type_classification_dataset\cruise_ship\96_it.jpg
C:\Users\marti\OneDrive\Desktop\Horizon Archive\Simplilearn Training Files\C6_DL_Learn_Spec\C6_DL_Learn_Spec\Data\CEP_Data\Automatic_Port_Operation\boat_type_classification_dataset\cruise_ship\97.jpg,C:\Users\marti\OneDrive\Desktop\Horizon Archive\Simplilearn Training Files\C6_DL_Learn_Spec\C6_DL_Learn_Spec\Data\CEP_Data\Automatic_Port_Operation\boat_type_classification_dataset\cruise_ship\97_it.jpg
C:\Users\marti\OneDrive\Desktop\Horizon Archive\Simplilearn Training Files\C6_DL_Learn_Spec\C6_DL_Learn_Spec\Data\CEP_Data\Automatic_Port_Operation\boat_type_classification_dataset\cruise_ship\98.jpg,C:\Users\marti\OneDrive\Desktop\Horizon Archive\Simplilearn Training Files\C6_DL_Learn_Spec\C6_DL_Learn_Spec\Data\CEP_Data\Automatic_Port_Operation\boat_type_classification_dataset\cruise_ship\98_it.jpg
C:\Users\marti\OneDrive\Desktop\Horizon Archive\Simplilearn Training Files\C6_DL_Learn_Spec\C6_DL_Learn_Spec\Data\CEP_Data\Automatic_Port_Operation\boat_type_classification_dataset\cruise_ship\99.jpg,C:\Users\marti\OneDrive\Desktop\Horizon Archive\Simplilearn Training Files\C6_DL_Learn_Spec\C6_DL_Learn_Spec\Data\CEP_Data\Automatic_Port_Operation\boat_type_classification_dataset\cruise_ship\99_it.jpg
C:\Users\marti\OneDrive\Desktop\Horizon Archive\Simplilearn Training Files\C6_DL_Learn_Spec\C6_DL_Learn_Spec\Data\CEP_Data\Automatic_Port_Operation\boat_type_classification_dataset\freight_boat\1.jpg,C:\Users\marti\OneDrive\Desktop\Horizon Archive\Simplilearn Training Files\C6_DL_Learn_Spec\C6_DL_Learn_Spec\Data\CEP_Data\Automatic_Port_Operation\boat_type_classification_dataset\freight_boat\1_it.jpg
C:\Users\marti\OneDrive\Desktop\Horizon Archive\Simplilearn Training Files\C6_DL_Learn_Spec\C6_DL_Learn_Spec\Data\CEP_Data\Automatic_Port_Operation\boat_type_classification_dataset\freight_boat\2.jpg,C:\Users\marti\OneDrive\Desktop\Horizon Archive\Simplilearn Training Files\C6_DL_Learn_Spec\C6_DL_Learn_Spec\Data\CEP_Data\Automatic_Port_Operation\boat_type_classification_dataset\freight_boat\2_it.jpg
C:\Users\marti\OneDrive\Desktop\Horizon Archive\Simplilearn Training Files\C6_DL_Learn_Spec\C6_DL_Learn_Spec\Data\CEP_Data\Automatic_Port_Operation\boat_type_classification_dataset\freight_boat\3.jpg,C:\Users\marti\OneDrive\Desktop\Horizon Archive\Simplilearn Training Files\C6_DL_Learn_Spec\C6_DL_Learn_Spec\Data\CEP_Data\Automatic_Port_Operation\boat_type_classification_dataset\freight_boat\3_it.jpg
C:\Users\marti\OneDrive\Desktop\Horizon Archive\Simplilearn Training Files\C6_DL_Learn_Spec\C6_DL_Learn_Spec\Data\CEP_Data\Automatic_Port_Operation\boat_type_classification_dataset\freight_boat\4.jpg,C:\Users\marti\OneDrive\Desktop\Horizon Archive\Simplilearn Training Files\C6_DL_Learn_Spec\C6_DL_Learn_Spec\Data\CEP_Data\Automatic_Port_Operation\boat_type_classification_dataset\freight_boat\4_it.jpg
C:\Users\marti\OneDrive\Desktop\Horizon Archive\Simplilearn Training Files\C6_DL_Learn_Spec\C6_DL_Learn_Spec\Data\CEP_Data\Automatic_Port_Operation\boat_type_classification_dataset\freight_boat\5.jpg,C:\Users\marti\OneDrive\Desktop\Horizon Archive\Simplilearn Training Files\C6_DL_Learn_Spec\C6_DL_Learn_Spec\Data\CEP_Data\Automatic_Port_Operation\boat_type_classification_dataset\freight_boat\5_it.jpg
C:\Users\marti\OneDrive\Desktop\Horizon Archive\Simplilearn Training Files\C6_DL_Learn_Spec\C6_DL_Learn_Spec\Data\CEP_Data\Automatic_Port_Operation\boat_type_classification_dataset\freight_boat\6.jpg,C:\Users\marti\OneDrive\Desktop\Horizon Archive\Simplilearn Training Files\C6_DL_Learn_Spec\C6_DL_Learn_Spec\Data\CEP_Data\Automatic_Port_Operation\boat_type_classification_dataset\freight_boat\6_it.jpg
C:\Users\marti\OneDrive\Desktop\Horizon Archive\Simplilearn Training Files\C6_DL_Learn_Spec\C6_DL_Learn_Spec\Data\CEP_Data\Automatic_Port_Operation\boat_type_classification_dataset\freight_boat\7.jpg,C:\Users\marti\OneDrive\Desktop\Horizon Archive\Simplilearn Training Files\C6_DL_Learn_Spec\C6_DL_Learn_Spec\Data\CEP_Data\Automatic_Port_Operation\boat_type_classification_dataset\freight_boat\7_it.jpg
C:\Users\marti\OneDrive\Desktop\Horizon Archive\Simplilearn Training Files\C6_DL_Learn_Spec\C6_DL_Learn_Spec\Data\CEP_Data\Automatic_Port_Operation\boat_type_classification_dataset\freight_boat\8.jpg,C:\Users\marti\OneDrive\Desktop\Horizon Archive\Simplilearn Training Files\C6_DL_Learn_Spec\C6_DL_Learn_Spec\Data\CEP_Data\Automatic_Port_Operation\boat_type_classification_dataset\freight_boat\8_it.jpg
C:\Users\marti\OneDrive\Desktop\Horizon Archive\Simplilearn Training Files\C6_DL_Learn_Spec\C6_DL_Learn_Spec\Data\CEP_Data\Automatic_Port_Operation\boat_type_classification_dataset\freight_boat\9.jpg,C:\Users\marti\OneDrive\Desktop\Horizon Archive\Simplilearn Training Files\C6_DL_Learn_Spec\C6_DL_Learn_Spec\Data\CEP_Data\Automatic_Port_Operation\boat_type_classification_dataset\freight_boat\9_it.jpg
C:\Users\marti\OneDrive\Desktop\Horizon Archive\Simplilearn Training Files\C4_Appl_Data_Sci_Py\C4_Appl_Data_Sci_Py\Instr_Slides_NB_Upd\L03_NumPy\3.02_Attributes_and_Functions_in_Python_Updated.ipynb,C:\Users\marti\OneDrive\Desktop\Horizon Archive\Simplilearn Training Files\C4_Appl_Data_Sci_Py\C4_Appl_Data_Sci_Py\Instr_Slides_NB_Upd\L03_NumPy\3.02_Attr_Func_in_Pyth_Upd.ipynb
C:\Users\marti\OneDrive\Desktop\Horizon Archive\Simplilearn Training Files\C4_Appl_Data_Sci_Py\C4_Appl_Data_Sci_Py\Instr_Slides_NB_Upd\Lesson_01_Course_Introduction\Lesson_01_Course_Introduction.pdf,C:\Users\marti\OneDrive\Desktop\Horizon Archive\Simplilearn Training Files\C4_Appl_Data_Sci_Py\C4_Appl_Data_Sci_Py\Instr_Slides_NB_Upd\Lesson_01_Course_Introduction\L01_Course_Intro.pdf
C:\Users\marti\OneDrive\Desktop\Horizon Archive\Simplilearn Training Files\C4_Appl_Data_Sci_Py\C4_Appl_Data_Sci_Py\Instr_Slides_NB_Upd\Lesson_04_Working_With_Pandas\4.01_Introduction_to_Pandas.ipynb,C:\Users\marti\OneDrive\Desktop\Horizon Archive\Simplilearn Training Files\C4_Appl_Data_Sci_Py\C4_Appl_Data_Sci_Py\Instr_Slides_NB_Upd\Lesson_04_Working_With_Pandas\4.01_Intro_Pandas.ipynb
C:\Users\marti\OneDrive\Desktop\Horizon Archive\Simplilearn Training Files\C6_DL_Learn_Spec\C6_DL_Learn_Spec\Data\CEP_Data\Automatic_Port_Operation\boat_type_classification_dataset\cruise_ship\1.jpg,C:\Users\marti\OneDrive\Desktop\Horizon Archive\Simplilearn Training Files\C6_DL_Learn_Spec\C6_DL_Learn_Spec\Data\CEP_Data\Automatic_Port_Operation\boat_type_classification_dataset\cruise_ship\1_it.jpg
C:\Users\marti\OneDrive\Desktop\Horizon Archive\Simplilearn Training Files\C6_DL_Learn_Spec\C6_DL_Learn_Spec\Data\CEP_Data\Automatic_Port_Operation\boat_type_classification_dataset\cruise_ship\2.jpg,C:\Users\marti\OneDrive\Desktop\Horizon Archive\Simplilearn Training Files\C6_DL_Learn_Spec\C6_DL_Learn_Spec\Data\CEP_Data\Automatic_Port_Operation\boat_type_classification_dataset\cruise_ship\2_it.jpg
C:\Users\marti\OneDrive\Desktop\Horizon Archive\Simplilearn Training Files\C6_DL_Learn_Spec\C6_DL_Learn_Spec\Data\CEP_Data\Automatic_Port_Operation\boat_type_classification_dataset\cruise_ship\3.jpg,C:\Users\marti\OneDrive\Desktop\Horizon Archive\Simplilearn Training Files\C6_DL_Learn_Spec\C6_DL_Learn_Spec\Data\CEP_Data\Automatic_Port_Operation\boat_type_classification_dataset\cruise_ship\3_it.jpg
C:\Users\marti\OneDrive\Desktop\Horizon Archive\Simplilearn Training Files\C6_DL_Learn_Spec\C6_DL_Learn_Spec\Data\CEP_Data\Automatic_Port_Operation\boat_type_classification_dataset\cruise_ship\4.jpg,C:\Users\marti\OneDrive\Desktop\Horizon Archive\Simplilearn Training Files\C6_DL_Learn_Spec\C6_DL_Learn_Spec\Data\CEP_Data\Automatic_Port_Operation\boat_type_classification_dataset\cruise_ship\4_it.jpg
C:\Users\marti\OneDrive\Desktop\Horizon Archive\Simplilearn Training Files\C6_DL_Learn_Spec\C6_DL_Learn_Spec\Data\CEP_Data\Automatic_Port_Operation\boat_type_classification_dataset\cruise_ship\5.jpg,C:\Users\marti\OneDrive\Desktop\Horizon Archive\Simplilearn Training Files\C6_DL_Learn_Spec\C6_DL_Learn_Spec\Data\CEP_Data\Automatic_Port_Operation\boat_type_classification_dataset\cruise_ship\5_it.jpg
C:\Users\marti\OneDrive\Desktop\Horizon Archive\Simplilearn Training Files\C6_DL_Learn_Spec\C6_DL_Learn_Spec\Data\CEP_Data\Automatic_Port_Operation\boat_type_classification_dataset\cruise_ship\6.jpg,C:\Users\marti\OneDrive\Desktop\Horizon Archive\Simplilearn Training Files\C6_DL_Learn_Spec\C6_DL_Learn_Spec\Data\CEP_Data\Automatic_Port_Operation\boat_type_classification_dataset\cruise_ship\6_it.jpg
C:\Users\marti\OneDrive\Desktop\Horizon Archive\Simplilearn Training Files\C6_DL_Learn_Spec\C6_DL_Learn_Spec\Data\CEP_Data\Automatic_Port_Operation\boat_type_classification_dataset\cruise_ship\7.jpg,C:\Users\marti\OneDrive\Desktop\Horizon Archive\Simplilearn Training Files\C6_DL_Learn_Spec\C6_DL_Learn_Spec\Data\CEP_Data\Automatic_Port_Operation\boat_type_classification_dataset\cruise_ship\7_it.jpg
C:\Users\marti\OneDrive\Desktop\Horizon Archive\Simplilearn Training Files\C6_DL_Learn_Spec\C6_DL_Learn_Spec\Data\CEP_Data\Automatic_Port_Operation\boat_type_classification_dataset\cruise_ship\8.jpg,C:\Users\marti\OneDrive\Desktop\Horizon Archive\Simplilearn Training Files\C6_DL_Learn_Spec\C6_DL_Learn_Spec\Data\CEP_Data\Automatic_Port_Operation\boat_type_classification_dataset\cruise_ship\8_it.jpg
C:\Users\marti\OneDrive\Desktop\Horizon Archive\Simplilearn Training Files\C6_DL_Learn_Spec\C6_DL_Learn_Spec\Data\CEP_Data\Automatic_Port_Operation\boat_type_classification_dataset\cruise_ship\9.jpg,C:\Users\marti\OneDrive\Desktop\Horizon Archive\Simplilearn Training Files\C6_DL_Learn_Spec\C6_DL_Learn_Spec\Data\CEP_Data\Automatic_Port_Operation\boat_type_classification_dataset\cruise_ship\9_it.jpg
C:\Users\marti\OneDrive\Desktop\Horizon Archive\Simplilearn Training Files\C6_DL_Learn_Spec\C6_DL_Learn_Spec\Data\CEP_Data\Automatic_Port_Operation\boat_type_classification_dataset\ferry_boat\10.jpg,C:\Users\marti\OneDrive\Desktop\Horizon Archive\Simplilearn Training Files\C6_DL_Learn_Spec\C6_DL_Learn_Spec\Data\CEP_Data\Automatic_Port_Operation\boat_type_classification_dataset\ferry_boat\10_it.jpg
C:\Users\marti\OneDrive\Desktop\Horizon Archive\Simplilearn Training Files\C6_DL_Learn_Spec\C6_DL_Learn_Spec\Data\CEP_Data\Automatic_Port_Operation\boat_type_classification_dataset\ferry_boat\11.jpg,C:\Users\marti\OneDrive\Desktop\Horizon Archive\Simplilearn Training Files\C6_DL_Learn_Spec\C6_DL_Learn_Spec\Data\CEP_Data\Automatic_Port_Operation\boat_type_classification_dataset\ferry_boat\11_it.jpg
C:\Users\marti\OneDrive\Desktop\Horizon Archive\Simplilearn Training Files\C6_DL_Learn_Spec\C6_DL_Learn_Spec\Data\CEP_Data\Automatic_Port_Operation\boat_type_classification_dataset\ferry_boat\12.jpg,C:\Users\marti\OneDrive\Desktop\Horizon Archive\Simplilearn Training Files\C6_DL_Learn_Spec\C6_DL_Learn_Spec\Data\CEP_Data\Automatic_Port_Operation\boat_type_classification_dataset\ferry_boat\12_it.jpg
C:\Users\marti\OneDrive\Desktop\Horizon Archive\Simplilearn Training Files\C6_DL_Learn_Spec\C6_DL_Learn_Spec\Data\CEP_Data\Automatic_Port_Operation\boat_type_classification_dataset\ferry_boat\13.jpg,C:\Users\marti\OneDrive\Desktop\Horizon Archive\Simplilearn Training Files\C6_DL_Learn_Spec\C6_DL_Learn_Spec\Data\CEP_Data\Automatic_Port_Operation\boat_type_classification_dataset\ferry_boat\13_it.jpg
C:\Users\marti\OneDrive\Desktop\Horizon Archive\Simplilearn Training Files\C6_DL_Learn_Spec\C6_DL_Learn_Spec\Data\CEP_Data\Automatic_Port_Operation\boat_type_classification_dataset\ferry_boat\14.jpg,C:\Users\marti\OneDrive\Desktop\Horizon Archive\Simplilearn Training Files\C6_DL_Learn_Spec\C6_DL_Learn_Spec\Data\CEP_Data\Automatic_Port_Operation\boat_type_classification_dataset\ferry_boat\14_it.jpg
C:\Users\marti\OneDrive\Desktop\Horizon Archive\Simplilearn Training Files\C6_DL_Learn_Spec\C6_DL_Learn_Spec\Data\CEP_Data\Automatic_Port_Operation\boat_type_classification_dataset\ferry_boat\15.jpg,C:\Users\marti\OneDrive\Desktop\Horizon Archive\Simplilearn Training Files\C6_DL_Learn_Spec\C6_DL_Learn_Spec\Data\CEP_Data\Automatic_Port_Operation\boat_type_classification_dataset\ferry_boat\15_it.jpg
C:\Users\marti\OneDrive\Desktop\Horizon Archive\Simplilearn Training Files\C6_DL_Learn_Spec\C6_DL_Learn_Spec\Data\CEP_Data\Automatic_Port_Operation\boat_type_classification_dataset\ferry_boat\16.jpg,C:\Users\marti\OneDrive\Desktop\Horizon Archive\Simplilearn Training Files\C6_DL_Learn_Spec\C6_DL_Learn_Spec\Data\CEP_Data\Automatic_Port_Operation\boat_type_classification_dataset\ferry_boat\16_it.jpg
C:\Users\marti\OneDrive\Desktop\Horizon Archive\Simplilearn Training Files\C6_DL_Learn_Spec\C6_DL_Learn_Spec\Data\CEP_Data\Automatic_Port_Operation\boat_type_classification_dataset\ferry_boat\17.jpg,C:\Users\marti\OneDrive\Desktop\Horizon Archive\Simplilearn Training Files\C6_DL_Learn_Spec\C6_DL_Learn_Spec\Data\CEP_Data\Automatic_Port_Operation\boat_type_classification_dataset\ferry_boat\17_it.jpg
C:\Users\marti\OneDrive\Desktop\Horizon Archive\Simplilearn Training Files\C6_DL_Learn_Spec\C6_DL_Learn_Spec\Data\CEP_Data\Automatic_Port_Operation\boat_type_classification_dataset\ferry_boat\18.jpg,C:\Users\marti\OneDrive\Desktop\Horizon Archive\Simplilearn Training Files\C6_DL_Learn_Spec\C6_DL_Learn_Spec\Data\CEP_Data\Automatic_Port_Operation\boat_type_classification_dataset\ferry_boat\18_it.jpg
C:\Users\marti\OneDrive\Desktop\Horizon Archive\Simplilearn Training Files\C6_DL_Learn_Spec\C6_DL_Learn_Spec\Data\CEP_Data\Automatic_Port_Operation\boat_type_classification_dataset\ferry_boat\19.jpg,C:\Users\marti\OneDrive\Desktop\Horizon Archive\Simplilearn Training Files\C6_DL_Learn_Spec\C6_DL_Learn_Spec\Data\CEP_Data\Automatic_Port_Operation\boat_type_classification_dataset\ferry_boat\19_it.jpg
C:\Users\marti\OneDrive\Desktop\Horizon Archive\Simplilearn Training Files\C6_DL_Learn_Spec\C6_DL_Learn_Spec\Data\CEP_Data\Automatic_Port_Operation\boat_type_classification_dataset\ferry_boat\20.jpg,C:\Users\marti\OneDrive\Desktop\Horizon Archive\Simplilearn Training Files\C6_DL_Learn_Spec\C6_DL_Learn_Spec\Data\CEP_Data\Automatic_Port_Operation\boat_type_classification_dataset\ferry_boat\20_it.jpg
C:\Users\marti\OneDrive\Desktop\Horizon Archive\Simplilearn Training Files\C6_DL_Learn_Spec\C6_DL_Learn_Spec\Data\CEP_Data\Automatic_Port_Operation\boat_type_classification_dataset\ferry_boat\21.jpg,C:\Users\marti\OneDrive\Desktop\Horizon Archive\Simplilearn Training Files\C6_DL_Learn_Spec\C6_DL_Learn_Spec\Data\CEP_Data\Automatic_Port_Operation\boat_type_classification_dataset\ferry_boat\21_it.jpg
C:\Users\marti\OneDrive\Desktop\Horizon Archive\Simplilearn Training Files\C6_DL_Learn_Spec\C6_DL_Learn_Spec\Data\CEP_Data\Automatic_Port_Operation\boat_type_classification_dataset\ferry_boat\22.jpg,C:\Users\marti\OneDrive\Desktop\Horizon Archive\Simplilearn Training Files\C6_DL_Learn_Spec\C6_DL_Learn_Spec\Data\CEP_Data\Automatic_Port_Operation\boat_type_classification_dataset\ferry_boat\22_it.jpg
C:\Users\marti\OneDrive\Desktop\Horizon Archive\Simplilearn Training Files\C6_DL_Learn_Spec\C6_DL_Learn_Spec\Data\CEP_Data\Automatic_Port_Operation\boat_type_classification_dataset\ferry_boat\23.jpg,C:\Users\marti\OneDrive\Desktop\Horizon Archive\Simplilearn Training Files\C6_DL_Learn_Spec\C6_DL_Learn_Spec\Data\CEP_Data\Automatic_Port_Operation\boat_type_classification_dataset\ferry_boat\23_it.jpg
C:\Users\marti\OneDrive\Desktop\Horizon Archive\Simplilearn Training Files\C6_DL_Learn_Spec\C6_DL_Learn_Spec\Data\CEP_Data\Automatic_Port_Operation\boat_type_classification_dataset\ferry_boat\24.jpg,C:\Users\marti\OneDrive\Desktop\Horizon Archive\Simplilearn Training Files\C6_DL_Learn_Spec\C6_DL_Learn_Spec\Data\CEP_Data\Automatic_Port_Operation\boat_type_classification_dataset\ferry_boat\24_it.jpg
C:\Users\marti\OneDrive\Desktop\Horizon Archive\Simplilearn Training Files\C6_DL_Learn_Spec\C6_DL_Learn_Spec\Data\CEP_Data\Automatic_Port_Operation\boat_type_classification_dataset\ferry_boat\25.jpg,C:\Users\marti\OneDrive\Desktop\Horizon Archive\Simplilearn Training Files\C6_DL_Learn_Spec\C6_DL_Learn_Spec\Data\CEP_Data\Automatic_Port_Operation\boat_type_classification_dataset\ferry_boat\25_it.jpg
C:\Users\marti\OneDrive\Desktop\Horizon Archive\Simplilearn Training Files\C6_DL_Learn_Spec\C6_DL_Learn_Spec\Data\CEP_Data\Automatic_Port_Operation\boat_type_classification_dataset\ferry_boat\26.jpg,C:\Users\marti\OneDrive\Desktop\Horizon Archive\Simplilearn Training Files\C6_DL_Learn_Spec\C6_DL_Learn_Spec\Data\CEP_Data\Automatic_Port_Operation\boat_type_classification_dataset\ferry_boat\26_it.jpg
C:\Users\marti\OneDrive\Desktop\Horizon Archive\Simplilearn Training Files\C6_DL_Learn_Spec\C6_DL_Learn_Spec\Data\CEP_Data\Automatic_Port_Operation\boat_type_classification_dataset\ferry_boat\27.jpg,C:\Users\marti\OneDrive\Desktop\Horizon Archive\Simplilearn Training Files\C6_DL_Learn_Spec\C6_DL_Learn_Spec\Data\CEP_Data\Automatic_Port_Operation\boat_type_classification_dataset\ferry_boat\27_it.jpg
C:\Users\marti\OneDrive\Desktop\Horizon Archive\Simplilearn Training Files\C6_DL_Learn_Spec\C6_DL_Learn_Spec\Data\CEP_Data\Automatic_Port_Operation\boat_type_classification_dataset\ferry_boat\28.jpg,C:\Users\marti\OneDrive\Desktop\Horizon Archive\Simplilearn Training Files\C6_DL_Learn_Spec\C6_DL_Learn_Spec\Data\CEP_Data\Automatic_Port_Operation\boat_type_classification_dataset\ferry_boat\28_it.jpg
C:\Users\marti\OneDrive\Desktop\Horizon Archive\Simplilearn Training Files\C6_DL_Learn_Spec\C6_DL_Learn_Spec\Data\CEP_Data\Automatic_Port_Operation\boat_type_classification_dataset\ferry_boat\29.jpg,C:\Users\marti\OneDrive\Desktop\Horizon Archive\Simplilearn Training Files\C6_DL_Learn_Spec\C6_DL_Learn_Spec\Data\CEP_Data\Automatic_Port_Operation\boat_type_classification_dataset\ferry_boat\29_it.jpg
C:\Users\marti\OneDrive\Desktop\Horizon Archive\Simplilearn Training Files\C6_DL_Learn_Spec\C6_DL_Learn_Spec\Data\CEP_Data\Automatic_Port_Operation\boat_type_classification_dataset\ferry_boat\30.jpg,C:\Users\marti\OneDrive\Desktop\Horizon Archive\Simplilearn Training Files\C6_DL_Learn_Spec\C6_DL_Learn_Spec\Data\CEP_Data\Automatic_Port_Operation\boat_type_classification_dataset\ferry_boat\30_it.jpg
C:\Users\marti\OneDrive\Desktop\Horizon Archive\Simplilearn Training Files\C6_DL_Learn_Spec\C6_DL_Learn_Spec\Data\CEP_Data\Automatic_Port_Operation\boat_type_classification_dataset\ferry_boat\31.jpg,C:\Users\marti\OneDrive\Desktop\Horizon Archive\Simplilearn Training Files\C6_DL_Learn_Spec\C6_DL_Learn_Spec\Data\CEP_Data\Automatic_Port_Operation\boat_type_classification_dataset\ferry_boat\31_it.jpg
C:\Users\marti\OneDrive\Desktop\Horizon Archive\Simplilearn Training Files\C6_DL_Learn_Spec\C6_DL_Learn_Spec\Data\CEP_Data\Automatic_Port_Operation\boat_type_classification_dataset\ferry_boat\32.jpg,C:\Users\marti\OneDrive\Desktop\Horizon Archive\Simplilearn Training Files\C6_DL_Learn_Spec\C6_DL_Learn_Spec\Data\CEP_Data\Automatic_Port_Operation\boat_type_classification_dataset\ferry_boat\32_it.jpg
C:\Users\marti\OneDrive\Desktop\Horizon Archive\Simplilearn Training Files\C6_DL_Learn_Spec\C6_DL_Learn_Spec\Data\CEP_Data\Automatic_Port_Operation\boat_type_classification_dataset\ferry_boat\33.jpg,C:\Users\marti\OneDrive\Desktop\Horizon Archive\Simplilearn Training Files\C6_DL_Learn_Spec\C6_DL_Learn_Spec\Data\CEP_Data\Automatic_Port_Operation\boat_type_classification_dataset\ferry_boat\33_it.jpg
C:\Users\marti\OneDrive\Desktop\Horizon Archive\Simplilearn Training Files\C6_DL_Learn_Spec\C6_DL_Learn_Spec\Data\CEP_Data\Automatic_Port_Operation\boat_type_classification_dataset\ferry_boat\34.jpg,C:\Users\marti\OneDrive\Desktop\Horizon Archive\Simplilearn Training Files\C6_DL_Learn_Spec\C6_DL_Learn_Spec\Data\CEP_Data\Automatic_Port_Operation\boat_type_classification_dataset\ferry_boat\34_it.jpg
C:\Users\marti\OneDrive\Desktop\Horizon Archive\Simplilearn Training Files\C6_DL_Learn_Spec\C6_DL_Learn_Spec\Data\CEP_Data\Automatic_Port_Operation\boat_type_classification_dataset\ferry_boat\35.jpg,C:\Users\marti\OneDrive\Desktop\Horizon Archive\Simplilearn Training Files\C6_DL_Learn_Spec\C6_DL_Learn_Spec\Data\CEP_Data\Automatic_Port_Operation\boat_type_classification_dataset\ferry_boat\35_it.jpg
C:\Users\marti\OneDrive\Desktop\Horizon Archive\Simplilearn Training Files\C6_DL_Learn_Spec\C6_DL_Learn_Spec\Data\CEP_Data\Automatic_Port_Operation\boat_type_classification_dataset\ferry_boat\36.jpg,C:\Users\marti\OneDrive\Desktop\Horizon Archive\Simplilearn Training Files\C6_DL_Learn_Spec\C6_DL_Learn_Spec\Data\CEP_Data\Automatic_Port_Operation\boat_type_classification_dataset\ferry_boat\36_it.jpg
C:\Users\marti\OneDrive\Desktop\Horizon Archive\Simplilearn Training Files\C6_DL_Learn_Spec\C6_DL_Learn_Spec\Data\CEP_Data\Automatic_Port_Operation\boat_type_classification_dataset\ferry_boat\37.jpg,C:\Users\marti\OneDrive\Desktop\Horizon Archive\Simplilearn Training Files\C6_DL_Learn_Spec\C6_DL_Learn_Spec\Data\CEP_Data\Automatic_Port_Operation\boat_type_classification_dataset\ferry_boat\37_it.jpg
C:\Users\marti\OneDrive\Desktop\Horizon Archive\Simplilearn Training Files\C6_DL_Learn_Spec\C6_DL_Learn_Spec\Data\CEP_Data\Automatic_Port_Operation\boat_type_classification_dataset\ferry_boat\38.jpg,C:\Users\marti\OneDrive\Desktop\Horizon Archive\Simplilearn Training Files\C6_DL_Learn_Spec\C6_DL_Learn_Spec\Data\CEP_Data\Automatic_Port_Operation\boat_type_classification_dataset\ferry_boat\38_it.jpg
C:\Users\marti\OneDrive\Desktop\Horizon Archive\Simplilearn Training Files\C6_DL_Learn_Spec\C6_DL_Learn_Spec\Data\CEP_Data\Automatic_Port_Operation\boat_type_classification_dataset\ferry_boat\39.jpg,C:\Users\marti\OneDrive\Desktop\Horizon Archive\Simplilearn Training Files\C6_DL_Learn_Spec\C6_DL_Learn_Spec\Data\CEP_Data\Automatic_Port_Operation\boat_type_classification_dataset\ferry_boat\39_it.jpg
C:\Users\marti\OneDrive\Desktop\Horizon Archive\Simplilearn Training Files\C6_DL_Learn_Spec\C6_DL_Learn_Spec\Data\CEP_Data\Automatic_Port_Operation\boat_type_classification_dataset\ferry_boat\40.jpg,C:\Users\marti\OneDrive\Desktop\Horizon Archive\Simplilearn Training Files\C6_DL_Learn_Spec\C6_DL_Learn_Spec\Data\CEP_Data\Automatic_Port_Operation\boat_type_classification_dataset\ferry_boat\40_it.jpg
C:\Users\marti\OneDrive\Desktop\Horizon Archive\Simplilearn Training Files\C6_DL_Learn_Spec\C6_DL_Learn_Spec\Data\CEP_Data\Automatic_Port_Operation\boat_type_classification_dataset\ferry_boat\41.jpg,C:\Users\marti\OneDrive\Desktop\Horizon Archive\Simplilearn Training Files\C6_DL_Learn_Spec\C6_DL_Learn_Spec\Data\CEP_Data\Automatic_Port_Operation\boat_type_classification_dataset\ferry_boat\41_it.jpg
C:\Users\marti\OneDrive\Desktop\Horizon Archive\Simplilearn Training Files\C6_DL_Learn_Spec\C6_DL_Learn_Spec\Data\CEP_Data\Automatic_Port_Operation\boat_type_classification_dataset\ferry_boat\42.jpg,C:\Users\marti\OneDrive\Desktop\Horizon Archive\Simplilearn Training Files\C6_DL_Learn_Spec\C6_DL_Learn_Spec\Data\CEP_Data\Automatic_Port_Operation\boat_type_classification_dataset\ferry_boat\42_it.jpg
C:\Users\marti\OneDrive\Desktop\Horizon Archive\Simplilearn Training Files\C6_DL_Learn_Spec\C6_DL_Learn_Spec\Data\CEP_Data\Automatic_Port_Operation\boat_type_classification_dataset\ferry_boat\43.jpg,C:\Users\marti\OneDrive\Desktop\Horizon Archive\Simplilearn Training Files\C6_DL_Learn_Spec\C6_DL_Learn_Spec\Data\CEP_Data\Automatic_Port_Operation\boat_type_classification_dataset\ferry_boat\43_it.jpg
C:\Users\marti\OneDrive\Desktop\Horizon Archive\Simplilearn Training Files\C6_DL_Learn_Spec\C6_DL_Learn_Spec\Data\CEP_Data\Automatic_Port_Operation\boat_type_classification_dataset\ferry_boat\44.jpg,C:\Users\marti\OneDrive\Desktop\Horizon Archive\Simplilearn Training Files\C6_DL_Learn_Spec\C6_DL_Learn_Spec\Data\CEP_Data\Automatic_Port_Operation\boat_type_classification_dataset\ferry_boat\44_it.jpg
C:\Users\marti\OneDrive\Desktop\Horizon Archive\Simplilearn Training Files\C6_DL_Learn_Spec\C6_DL_Learn_Spec\Data\CEP_Data\Automatic_Port_Operation\boat_type_classification_dataset\ferry_boat\45.jpg,C:\Users\marti\OneDrive\Desktop\Horizon Archive\Simplilearn Training Files\C6_DL_Learn_Spec\C6_DL_Learn_Spec\Data\CEP_Data\Automatic_Port_Operation\boat_type_classification_dataset\ferry_boat\45_it.jpg
C:\Users\marti\OneDrive\Desktop\Horizon Archive\Simplilearn Training Files\C6_DL_Learn_Spec\C6_DL_Learn_Spec\Data\CEP_Data\Automatic_Port_Operation\boat_type_classification_dataset\ferry_boat\46.jpg,C:\Users\marti\OneDrive\Desktop\Horizon Archive\Simplilearn Training Files\C6_DL_Learn_Spec\C6_DL_Learn_Spec\Data\CEP_Data\Automatic_Port_Operation\boat_type_classification_dataset\ferry_boat\46_it.jpg
C:\Users\marti\OneDrive\Desktop\Horizon Archive\Simplilearn Training Files\C6_DL_Learn_Spec\C6_DL_Learn_Spec\Data\CEP_Data\Automatic_Port_Operation\boat_type_classification_dataset\ferry_boat\47.jpg,C:\Users\marti\OneDrive\Desktop\Horizon Archive\Simplilearn Training Files\C6_DL_Learn_Spec\C6_DL_Learn_Spec\Data\CEP_Data\Automatic_Port_Operation\boat_type_classification_dataset\ferry_boat\47_it.jpg
C:\Users\marti\OneDrive\Desktop\Horizon Archive\Simplilearn Training Files\C6_DL_Learn_Spec\C6_DL_Learn_Spec\Data\CEP_Data\Automatic_Port_Operation\boat_type_classification_dataset\ferry_boat\48.jpg,C:\Users\marti\OneDrive\Desktop\Horizon Archive\Simplilearn Training Files\C6_DL_Learn_Spec\C6_DL_Learn_Spec\Data\CEP_Data\Automatic_Port_Operation\boat_type_classification_dataset\ferry_boat\48_it.jpg
C:\Users\marti\OneDrive\Desktop\Horizon Archive\Simplilearn Training Files\C6_DL_Learn_Spec\C6_DL_Learn_Spec\Data\CEP_Data\Automatic_Port_Operation\boat_type_classification_dataset\ferry_boat\49.jpg,C:\Users\marti\OneDrive\Desktop\Horizon Archive\Simplilearn Training Files\C6_DL_Learn_Spec\C6_DL_Learn_Spec\Data\CEP_Data\Automatic_Port_Operation\boat_type_classification_dataset\ferry_boat\49_it.jpg
C:\Users\marti\OneDrive\Desktop\Horizon Archive\Simplilearn Training Files\C6_DL_Learn_Spec\C6_DL_Learn_Spec\Data\CEP_Data\Automatic_Port_Operation\boat_type_classification_dataset\ferry_boat\50.jpg,C:\Users\marti\OneDrive\Desktop\Horizon Archive\Simplilearn Training Files\C6_DL_Learn_Spec\C6_DL_Learn_Spec\Data\CEP_Data\Automatic_Port_Operation\boat_type_classification_dataset\ferry_boat\50_it.jpg
C:\Users\marti\OneDrive\Desktop\Horizon Archive\Simplilearn Training Files\C6_DL_Learn_Spec\C6_DL_Learn_Spec\Data\CEP_Data\Automatic_Port_Operation\boat_type_classification_dataset\ferry_boat\51.jpg,C:\Users\marti\OneDrive\Desktop\Horizon Archive\Simplilearn Training Files\C6_DL_Learn_Spec\C6_DL_Learn_Spec\Data\CEP_Data\Automatic_Port_Operation\boat_type_classification_dataset\ferry_boat\51_it.jpg
C:\Users\marti\OneDrive\Desktop\Horizon Archive\Simplilearn Training Files\C6_DL_Learn_Spec\C6_DL_Learn_Spec\Data\CEP_Data\Automatic_Port_Operation\boat_type_classification_dataset\ferry_boat\52.jpg,C:\Users\marti\OneDrive\Desktop\Horizon Archive\Simplilearn Training Files\C6_DL_Learn_Spec\C6_DL_Learn_Spec\Data\CEP_Data\Automatic_Port_Operation\boat_type_classification_dataset\ferry_boat\52_it.jpg
C:\Users\marti\OneDrive\Desktop\Horizon Archive\Simplilearn Training Files\C6_DL_Learn_Spec\C6_DL_Learn_Spec\Data\CEP_Data\Automatic_Port_Operation\boat_type_classification_dataset\ferry_boat\53.jpg,C:\Users\marti\OneDrive\Desktop\Horizon Archive\Simplilearn Training Files\C6_DL_Learn_Spec\C6_DL_Learn_Spec\Data\CEP_Data\Automatic_Port_Operation\boat_type_classification_dataset\ferry_boat\53_it.jpg
C:\Users\marti\OneDrive\Desktop\Horizon Archive\Simplilearn Training Files\C6_DL_Learn_Spec\C6_DL_Learn_Spec\Data\CEP_Data\Automatic_Port_Operation\boat_type_classification_dataset\ferry_boat\54.jpg,C:\Users\marti\OneDrive\Desktop\Horizon Archive\Simplilearn Training Files\C6_DL_Learn_Spec\C6_DL_Learn_Spec\Data\CEP_Data\Automatic_Port_Operation\boat_type_classification_dataset\ferry_boat\54_it.jpg
C:\Users\marti\OneDrive\Desktop\Horizon Archive\Simplilearn Training Files\C6_DL_Learn_Spec\C6_DL_Learn_Spec\Data\CEP_Data\Automatic_Port_Operation\boat_type_classification_dataset\ferry_boat\55.jpg,C:\Users\marti\OneDrive\Desktop\Horizon Archive\Simplilearn Training Files\C6_DL_Learn_Spec\C6_DL_Learn_Spec\Data\CEP_Data\Automatic_Port_Operation\boat_type_classification_dataset\ferry_boat\55_it.jpg
C:\Users\marti\OneDrive\Desktop\Horizon Archive\Simplilearn Training Files\C6_DL_Learn_Spec\C6_DL_Learn_Spec\Data\CEP_Data\Automatic_Port_Operation\boat_type_classification_dataset\ferry_boat\56.jpg,C:\Users\marti\OneDrive\Desktop\Horizon Archive\Simplilearn Training Files\C6_DL_Learn_Spec\C6_DL_Learn_Spec\Data\CEP_Data\Automatic_Port_Operation\boat_type_classification_dataset\ferry_boat\56_it.jpg
C:\Users\marti\OneDrive\Desktop\Horizon Archive\Simplilearn Training Files\C6_DL_Learn_Spec\C6_DL_Learn_Spec\Data\CEP_Data\Automatic_Port_Operation\boat_type_classification_dataset\ferry_boat\57.jpg,C:\Users\marti\OneDrive\Desktop\Horizon Archive\Simplilearn Training Files\C6_DL_Learn_Spec\C6_DL_Learn_Spec\Data\CEP_Data\Automatic_Port_Operation\boat_type_classification_dataset\ferry_boat\57_it.jpg
C:\Users\marti\OneDrive\Desktop\Horizon Archive\Simplilearn Training Files\C6_DL_Learn_Spec\C6_DL_Learn_Spec\Data\CEP_Data\Automatic_Port_Operation\boat_type_classification_dataset\ferry_boat\58.jpg,C:\Users\marti\OneDrive\Desktop\Horizon Archive\Simplilearn Training Files\C6_DL_Learn_Spec\C6_DL_Learn_Spec\Data\CEP_Data\Automatic_Port_Operation\boat_type_classification_dataset\ferry_boat\58_it.jpg
C:\Users\marti\OneDrive\Desktop\Horizon Archive\Simplilearn Training Files\C6_DL_Learn_Spec\C6_DL_Learn_Spec\Data\CEP_Data\Automatic_Port_Operation\boat_type_classification_dataset\ferry_boat\59.jpg,C:\Users\marti\OneDrive\Desktop\Horizon Archive\Simplilearn Training Files\C6_DL_Learn_Spec\C6_DL_Learn_Spec\Data\CEP_Data\Automatic_Port_Operation\boat_type_classification_dataset\ferry_boat\59_it.jpg
C:\Users\marti\OneDrive\Desktop\Horizon Archive\Simplilearn Training Files\C6_DL_Learn_Spec\C6_DL_Learn_Spec\Data\CEP_Data\Automatic_Port_Operation\boat_type_classification_dataset\ferry_boat\60.jpg,C:\Users\marti\OneDrive\Desktop\Horizon Archive\Simplilearn Training Files\C6_DL_Learn_Spec\C6_DL_Learn_Spec\Data\CEP_Data\Automatic_Port_Operation\boat_type_classification_dataset\ferry_boat\60_it.jpg
C:\Users\marti\OneDrive\Desktop\Horizon Archive\Simplilearn Training Files\C6_DL_Learn_Spec\C6_DL_Learn_Spec\Data\CEP_Data\Automatic_Port_Operation\boat_type_classification_dataset\ferry_boat\61.jpg,C:\Users\marti\OneDrive\Desktop\Horizon Archive\Simplilearn Training Files\C6_DL_Learn_Spec\C6_DL_Learn_Spec\Data\CEP_Data\Automatic_Port_Operation\boat_type_classification_dataset\ferry_boat\61_it.jpg
C:\Users\marti\OneDrive\Desktop\Horizon Archive\Simplilearn Training Files\C6_DL_Learn_Spec\C6_DL_Learn_Spec\Data\CEP_Data\Automatic_Port_Operation\boat_type_classification_dataset\ferry_boat\62.jpg,C:\Users\marti\OneDrive\Desktop\Horizon Archive\Simplilearn Training Files\C6_DL_Learn_Spec\C6_DL_Learn_Spec\Data\CEP_Data\Automatic_Port_Operation\boat_type_classification_dataset\ferry_boat\62_it.jpg
C:\Users\marti\OneDrive\Desktop\Horizon Archive\Simplilearn Training Files\C6_DL_Learn_Spec\C6_DL_Learn_Spec\Data\CEP_Data\Automatic_Port_Operation\boat_type_classification_dataset\ferry_boat\63.jpg,C:\Users\marti\OneDrive\Desktop\Horizon Archive\Simplilearn Training Files\C6_DL_Learn_Spec\C6_DL_Learn_Spec\Data\CEP_Data\Automatic_Port_Operation\boat_type_classification_dataset\ferry_boat\63_it.jpg
C:\Users\marti\OneDrive\Desktop\Horizon Archive\Simplilearn Training Files\C6_DL_Learn_Spec\C6_DL_Learn_Spec\Data\CEP_Data\Automatic_Port_Operation\boat_type_classification_dataset\paper_boat\10.jpg,C:\Users\marti\OneDrive\Desktop\Horizon Archive\Simplilearn Training Files\C6_DL_Learn_Spec\C6_DL_Learn_Spec\Data\CEP_Data\Automatic_Port_Operation\boat_type_classification_dataset\paper_boat\10_it.jpg
C:\Users\marti\OneDrive\Desktop\Horizon Archive\Simplilearn Training Files\C6_DL_Learn_Spec\C6_DL_Learn_Spec\Data\CEP_Data\Automatic_Port_Operation\boat_type_classification_dataset\paper_boat\11.jpg,C:\Users\marti\OneDrive\Desktop\Horizon Archive\Simplilearn Training Files\C6_DL_Learn_Spec\C6_DL_Learn_Spec\Data\CEP_Data\Automatic_Port_Operation\boat_type_classification_dataset\paper_boat\11_it.jpg
C:\Users\marti\OneDrive\Desktop\Horizon Archive\Simplilearn Training Files\C6_DL_Learn_Spec\C6_DL_Learn_Spec\Data\CEP_Data\Automatic_Port_Operation\boat_type_classification_dataset\paper_boat\12.jpg,C:\Users\marti\OneDrive\Desktop\Horizon Archive\Simplilearn Training Files\C6_DL_Learn_Spec\C6_DL_Learn_Spec\Data\CEP_Data\Automatic_Port_Operation\boat_type_classification_dataset\paper_boat\12_it.jpg
C:\Users\marti\OneDrive\Desktop\Horizon Archive\Simplilearn Training Files\C6_DL_Learn_Spec\C6_DL_Learn_Spec\Data\CEP_Data\Automatic_Port_Operation\boat_type_classification_dataset\paper_boat\13.jpg,C:\Users\marti\OneDrive\Desktop\Horizon Archive\Simplilearn Training Files\C6_DL_Learn_Spec\C6_DL_Learn_Spec\Data\CEP_Data\Automatic_Port_Operation\boat_type_classification_dataset\paper_boat\13_it.jpg
C:\Users\marti\OneDrive\Desktop\Horizon Archive\Simplilearn Training Files\C6_DL_Learn_Spec\C6_DL_Learn_Spec\Data\CEP_Data\Automatic_Port_Operation\boat_type_classification_dataset\paper_boat\14.jpg,C:\Users\marti\OneDrive\Desktop\Horizon Archive\Simplilearn Training Files\C6_DL_Learn_Spec\C6_DL_Learn_Spec\Data\CEP_Data\Automatic_Port_Operation\boat_type_classification_dataset\paper_boat\14_it.jpg
C:\Users\marti\OneDrive\Desktop\Horizon Archive\Simplilearn Training Files\C6_DL_Learn_Spec\C6_DL_Learn_Spec\Data\CEP_Data\Automatic_Port_Operation\boat_type_classification_dataset\paper_boat\15.jpg,C:\Users\marti\OneDrive\Desktop\Horizon Archive\Simplilearn Training Files\C6_DL_Learn_Spec\C6_DL_Learn_Spec\Data\CEP_Data\Automatic_Port_Operation\boat_type_classification_dataset\paper_boat\15_it.jpg
C:\Users\marti\OneDrive\Desktop\Horizon Archive\Simplilearn Training Files\C6_DL_Learn_Spec\C6_DL_Learn_Spec\Data\CEP_Data\Automatic_Port_Operation\boat_type_classification_dataset\paper_boat\16.jpg,C:\Users\marti\OneDrive\Desktop\Horizon Archive\Simplilearn Training Files\C6_DL_Learn_Spec\C6_DL_Learn_Spec\Data\CEP_Data\Automatic_Port_Operation\boat_type_classification_dataset\paper_boat\16_it.jpg
C:\Users\marti\OneDrive\Desktop\Horizon Archive\Simplilearn Training Files\C6_DL_Learn_Spec\C6_DL_Learn_Spec\Data\CEP_Data\Automatic_Port_Operation\boat_type_classification_dataset\paper_boat\17.jpg,C:\Users\marti\OneDrive\Desktop\Horizon Archive\Simplilearn Training Files\C6_DL_Learn_Spec\C6_DL_Learn_Spec\Data\CEP_Data\Automatic_Port_Operation\boat_type_classification_dataset\paper_boat\17_it.jpg
C:\Users\marti\OneDrive\Desktop\Horizon Archive\Simplilearn Training Files\C6_DL_Learn_Spec\C6_DL_Learn_Spec\Data\CEP_Data\Automatic_Port_Operation\boat_type_classification_dataset\paper_boat\18.jpg,C:\Users\marti\OneDrive\Desktop\Horizon Archive\Simplilearn Training Files\C6_DL_Learn_Spec\C6_DL_Learn_Spec\Data\CEP_Data\Automatic_Port_Operation\boat_type_classification_dataset\paper_boat\18_it.jpg
C:\Users\marti\OneDrive\Desktop\Horizon Archive\Simplilearn Training Files\C6_DL_Learn_Spec\C6_DL_Learn_Spec\Data\CEP_Data\Automatic_Port_Operation\boat_type_classification_dataset\paper_boat\19.jpg,C:\Users\marti\OneDrive\Desktop\Horizon Archive\Simplilearn Training Files\C6_DL_Learn_Spec\C6_DL_Learn_Spec\Data\CEP_Data\Automatic_Port_Operation\boat_type_classification_dataset\paper_boat\19_it.jpg
C:\Users\marti\OneDrive\Desktop\Horizon Archive\Simplilearn Training Files\C6_DL_Learn_Spec\C6_DL_Learn_Spec\Data\CEP_Data\Automatic_Port_Operation\boat_type_classification_dataset\paper_boat\20.jpg,C:\Users\marti\OneDrive\Desktop\Horizon Archive\Simplilearn Training Files\C6_DL_Learn_Spec\C6_DL_Learn_Spec\Data\CEP_Data\Automatic_Port_Operation\boat_type_classification_dataset\paper_boat\20_it.jpg
C:\Users\marti\OneDrive\Desktop\Horizon Archive\Simplilearn Training Files\C6_DL_Learn_Spec\C6_DL_Learn_Spec\Data\CEP_Data\Automatic_Port_Operation\boat_type_classification_dataset\paper_boat\21.jpg,C:\Users\marti\OneDrive\Desktop\Horizon Archive\Simplilearn Training Files\C6_DL_Learn_Spec\C6_DL_Learn_Spec\Data\CEP_Data\Automatic_Port_Operation\boat_type_classification_dataset\paper_boat\21_it.jpg
C:\Users\marti\OneDrive\Desktop\Horizon Archive\Simplilearn Training Files\C6_DL_Learn_Spec\C6_DL_Learn_Spec\Data\CEP_Data\Automatic_Port_Operation\boat_type_classification_dataset\paper_boat\22.jpg,C:\Users\marti\OneDrive\Desktop\Horizon Archive\Simplilearn Training Files\C6_DL_Learn_Spec\C6_DL_Learn_Spec\Data\CEP_Data\Automatic_Port_Operation\boat_type_classification_dataset\paper_boat\22_it.jpg
C:\Users\marti\OneDrive\Desktop\Horizon Archive\Simplilearn Training Files\C6_DL_Learn_Spec\C6_DL_Learn_Spec\Data\CEP_Data\Automatic_Port_Operation\boat_type_classification_dataset\paper_boat\23.jpg,C:\Users\marti\OneDrive\Desktop\Horizon Archive\Simplilearn Training Files\C6_DL_Learn_Spec\C6_DL_Learn_Spec\Data\CEP_Data\Automatic_Port_Operation\boat_type_classification_dataset\paper_boat\23_it.jpg
C:\Users\marti\OneDrive\Desktop\Horizon Archive\Simplilearn Training Files\C6_DL_Learn_Spec\C6_DL_Learn_Spec\Data\CEP_Data\Automatic_Port_Operation\boat_type_classification_dataset\paper_boat\24.jpg,C:\Users\marti\OneDrive\Desktop\Horizon Archive\Simplilearn Training Files\C6_DL_Learn_Spec\C6_DL_Learn_Spec\Data\CEP_Data\Automatic_Port_Operation\boat_type_classification_dataset\paper_boat\24_it.jpg
C:\Users\marti\OneDrive\Desktop\Horizon Archive\Simplilearn Training Files\C6_DL_Learn_Spec\C6_DL_Learn_Spec\Data\CEP_Data\Automatic_Port_Operation\boat_type_classification_dataset\paper_boat\25.jpg,C:\Users\marti\OneDrive\Desktop\Horizon Archive\Simplilearn Training Files\C6_DL_Learn_Spec\C6_DL_Learn_Spec\Data\CEP_Data\Automatic_Port_Operation\boat_type_classification_dataset\paper_boat\25_it.jpg
C:\Users\marti\OneDrive\Desktop\Horizon Archive\Simplilearn Training Files\C6_DL_Learn_Spec\C6_DL_Learn_Spec\Data\CEP_Data\Automatic_Port_Operation\boat_type_classification_dataset\paper_boat\26.jpg,C:\Users\marti\OneDrive\Desktop\Horizon Archive\Simplilearn Training Files\C6_DL_Learn_Spec\C6_DL_Learn_Spec\Data\CEP_Data\Automatic_Port_Operation\boat_type_classification_dataset\paper_boat\26_it.jpg
C:\Users\marti\OneDrive\Desktop\Horizon Archive\Simplilearn Training Files\C6_DL_Learn_Spec\C6_DL_Learn_Spec\Data\CEP_Data\Automatic_Port_Operation\boat_type_classification_dataset\paper_boat\27.jpg,C:\Users\marti\OneDrive\Desktop\Horizon Archive\Simplilearn Training Files\C6_DL_Learn_Spec\C6_DL_Learn_Spec\Data\CEP_Data\Automatic_Port_Operation\boat_type_classification_dataset\paper_boat\27_it.jpg
C:\Users\marti\OneDrive\Desktop\Horizon Archive\Simplilearn Training Files\C6_DL_Learn_Spec\C6_DL_Learn_Spec\Data\CEP_Data\Automatic_Port_Operation\boat_type_classification_dataset\paper_boat\28.jpg,C:\Users\marti\OneDrive\Desktop\Horizon Archive\Simplilearn Training Files\C6_DL_Learn_Spec\C6_DL_Learn_Spec\Data\CEP_Data\Automatic_Port_Operation\boat_type_classification_dataset\paper_boat\28_it.jpg
C:\Users\marti\OneDrive\Desktop\Horizon Archive\Simplilearn Training Files\C6_DL_Learn_Spec\C6_DL_Learn_Spec\Data\CEP_Data\Automatic_Port_Operation\boat_type_classification_dataset\paper_boat\29.jpg,C:\Users\marti\OneDrive\Desktop\Horizon Archive\Simplilearn Training Files\C6_DL_Learn_Spec\C6_DL_Learn_Spec\Data\CEP_Data\Automatic_Port_Operation\boat_type_classification_dataset\paper_boat\29_it.jpg
C:\Users\marti\OneDrive\Desktop\Horizon Archive\Simplilearn Training Files\C6_DL_Learn_Spec\C6_DL_Learn_Spec\Data\CEP_Data\Automatic_Port_Operation\boat_type_classification_dataset\paper_boat\30.jpg,C:\Users\marti\OneDrive\Desktop\Horizon Archive\Simplilearn Training Files\C6_DL_Learn_Spec\C6_DL_Learn_Spec\Data\CEP_Data\Automatic_Port_Operation\boat_type_classification_dataset\paper_boat\30_it.jpg
C:\Users\marti\OneDrive\Desktop\Horizon Archive\Simplilearn Training Files\C6_DL_Learn_Spec\C6_DL_Learn_Spec\Data\CEP_Data\Automatic_Port_Operation\boat_type_classification_dataset\paper_boat\31.jpg,C:\Users\marti\OneDrive\Desktop\Horizon Archive\Simplilearn Training Files\C6_DL_Learn_Spec\C6_DL_Learn_Spec\Data\CEP_Data\Automatic_Port_Operation\boat_type_classification_dataset\paper_boat\31_it.jpg
C:\Users\marti\OneDrive\Desktop\Horizon Archive\Simplilearn Training Files\C6_DL_Learn_Spec\C6_DL_Learn_Spec\Data\CEP_Data\Automatic_Port_Operation\boat_type_classification_dataset\ferry_boat\1.jpg,C:\Users\marti\OneDrive\Desktop\Horizon Archive\Simplilearn Training Files\C6_DL_Learn_Spec\C6_DL_Learn_Spec\Data\CEP_Data\Automatic_Port_Operation\boat_type_classification_dataset\ferry_boat\1_it.jpg
C:\Users\marti\OneDrive\Desktop\Horizon Archive\Simplilearn Training Files\C6_DL_Learn_Spec\C6_DL_Learn_Spec\Data\CEP_Data\Automatic_Port_Operation\boat_type_classification_dataset\ferry_boat\2.jpg,C:\Users\marti\OneDrive\Desktop\Horizon Archive\Simplilearn Training Files\C6_DL_Learn_Spec\C6_DL_Learn_Spec\Data\CEP_Data\Automatic_Port_Operation\boat_type_classification_dataset\ferry_boat\2_it.jpg
C:\Users\marti\OneDrive\Desktop\Horizon Archive\Simplilearn Training Files\C6_DL_Learn_Spec\C6_DL_Learn_Spec\Data\CEP_Data\Automatic_Port_Operation\boat_type_classification_dataset\ferry_boat\3.jpg,C:\Users\marti\OneDrive\Desktop\Horizon Archive\Simplilearn Training Files\C6_DL_Learn_Spec\C6_DL_Learn_Spec\Data\CEP_Data\Automatic_Port_Operation\boat_type_classification_dataset\ferry_boat\3_it.jpg
C:\Users\marti\OneDrive\Desktop\Horizon Archive\Simplilearn Training Files\C6_DL_Learn_Spec\C6_DL_Learn_Spec\Data\CEP_Data\Automatic_Port_Operation\boat_type_classification_dataset\ferry_boat\4.jpg,C:\Users\marti\OneDrive\Desktop\Horizon Archive\Simplilearn Training Files\C6_DL_Learn_Spec\C6_DL_Learn_Spec\Data\CEP_Data\Automatic_Port_Operation\boat_type_classification_dataset\ferry_boat\4_it.jpg
C:\Users\marti\OneDrive\Desktop\Horizon Archive\Simplilearn Training Files\C6_DL_Learn_Spec\C6_DL_Learn_Spec\Data\CEP_Data\Automatic_Port_Operation\boat_type_classification_dataset\ferry_boat\5.jpg,C:\Users\marti\OneDrive\Desktop\Horizon Archive\Simplilearn Training Files\C6_DL_Learn_Spec\C6_DL_Learn_Spec\Data\CEP_Data\Automatic_Port_Operation\boat_type_classification_dataset\ferry_boat\5_it.jpg
C:\Users\marti\OneDrive\Desktop\Horizon Archive\Simplilearn Training Files\C6_DL_Learn_Spec\C6_DL_Learn_Spec\Data\CEP_Data\Automatic_Port_Operation\boat_type_classification_dataset\ferry_boat\6.jpg,C:\Users\marti\OneDrive\Desktop\Horizon Archive\Simplilearn Training Files\C6_DL_Learn_Spec\C6_DL_Learn_Spec\Data\CEP_Data\Automatic_Port_Operation\boat_type_classification_dataset\ferry_boat\6_it.jpg
C:\Users\marti\OneDrive\Desktop\Horizon Archive\Simplilearn Training Files\C6_DL_Learn_Spec\C6_DL_Learn_Spec\Data\CEP_Data\Automatic_Port_Operation\boat_type_classification_dataset\ferry_boat\7.jpg,C:\Users\marti\OneDrive\Desktop\Horizon Archive\Simplilearn Training Files\C6_DL_Learn_Spec\C6_DL_Learn_Spec\Data\CEP_Data\Automatic_Port_Operation\boat_type_classification_dataset\ferry_boat\7_it.jpg
C:\Users\marti\OneDrive\Desktop\Horizon Archive\Simplilearn Training Files\C6_DL_Learn_Spec\C6_DL_Learn_Spec\Data\CEP_Data\Automatic_Port_Operation\boat_type_classification_dataset\ferry_boat\8.jpg,C:\Users\marti\OneDrive\Desktop\Horizon Archive\Simplilearn Training Files\C6_DL_Learn_Spec\C6_DL_Learn_Spec\Data\CEP_Data\Automatic_Port_Operation\boat_type_classification_dataset\ferry_boat\8_it.jpg
C:\Users\marti\OneDrive\Desktop\Horizon Archive\Simplilearn Training Files\C6_DL_Learn_Spec\C6_DL_Learn_Spec\Data\CEP_Data\Automatic_Port_Operation\boat_type_classification_dataset\ferry_boat\9.jpg,C:\Users\marti\OneDrive\Desktop\Horizon Archive\Simplilearn Training Files\C6_DL_Learn_Spec\C6_DL_Learn_Spec\Data\CEP_Data\Automatic_Port_Operation\boat_type_classification_dataset\ferry_boat\9_it.jpg
C:\Users\marti\OneDrive\Desktop\Horizon Archive\Simplilearn Training Files\C6_DL_Learn_Spec\C6_DL_Learn_Spec\Data\CEP_Data\Automatic_Port_Operation\boat_type_classification_dataset\paper_boat\1.jpg,C:\Users\marti\OneDrive\Desktop\Horizon Archive\Simplilearn Training Files\C6_DL_Learn_Spec\C6_DL_Learn_Spec\Data\CEP_Data\Automatic_Port_Operation\boat_type_classification_dataset\paper_boat\1_it.jpg
C:\Users\marti\OneDrive\Desktop\Horizon Archive\Simplilearn Training Files\C6_DL_Learn_Spec\C6_DL_Learn_Spec\Data\CEP_Data\Automatic_Port_Operation\boat_type_classification_dataset\paper_boat\2.jpg,C:\Users\marti\OneDrive\Desktop\Horizon Archive\Simplilearn Training Files\C6_DL_Learn_Spec\C6_DL_Learn_Spec\Data\CEP_Data\Automatic_Port_Operation\boat_type_classification_dataset\paper_boat\2_it.jpg
C:\Users\marti\OneDrive\Desktop\Horizon Archive\Simplilearn Training Files\C6_DL_Learn_Spec\C6_DL_Learn_Spec\Data\CEP_Data\Automatic_Port_Operation\boat_type_classification_dataset\paper_boat\3.jpg,C:\Users\marti\OneDrive\Desktop\Horizon Archive\Simplilearn Training Files\C6_DL_Learn_Spec\C6_DL_Learn_Spec\Data\CEP_Data\Automatic_Port_Operation\boat_type_classification_dataset\paper_boat\3_it.jpg
C:\Users\marti\OneDrive\Desktop\Horizon Archive\Simplilearn Training Files\C6_DL_Learn_Spec\C6_DL_Learn_Spec\Data\CEP_Data\Automatic_Port_Operation\boat_type_classification_dataset\paper_boat\4.jpg,C:\Users\marti\OneDrive\Desktop\Horizon Archive\Simplilearn Training Files\C6_DL_Learn_Spec\C6_DL_Learn_Spec\Data\CEP_Data\Automatic_Port_Operation\boat_type_classification_dataset\paper_boat\4_it.jpg
C:\Users\marti\OneDrive\Desktop\Horizon Archive\Simplilearn Training Files\C6_DL_Learn_Spec\C6_DL_Learn_Spec\Data\CEP_Data\Automatic_Port_Operation\boat_type_classification_dataset\paper_boat\5.jpg,C:\Users\marti\OneDrive\Desktop\Horizon Archive\Simplilearn Training Files\C6_DL_Learn_Spec\C6_DL_Learn_Spec\Data\CEP_Data\Automatic_Port_Operation\boat_type_classification_dataset\paper_boat\5_it.jpg
C:\Users\marti\OneDrive\Desktop\Horizon Archive\Simplilearn Training Files\C6_DL_Learn_Spec\C6_DL_Learn_Spec\Data\CEP_Data\Automatic_Port_Operation\boat_type_classification_dataset\paper_boat\6.jpg,C:\Users\marti\OneDrive\Desktop\Horizon Archive\Simplilearn Training Files\C6_DL_Learn_Spec\C6_DL_Learn_Spec\Data\CEP_Data\Automatic_Port_Operation\boat_type_classification_dataset\paper_boat\6_it.jpg
C:\Users\marti\OneDrive\Desktop\Horizon Archive\Simplilearn Training Files\C6_DL_Learn_Spec\C6_DL_Learn_Spec\Data\CEP_Data\Automatic_Port_Operation\boat_type_classification_dataset\paper_boat\7.jpg,C:\Users\marti\OneDrive\Desktop\Horizon Archive\Simplilearn Training Files\C6_DL_Learn_Spec\C6_DL_Learn_Spec\Data\CEP_Data\Automatic_Port_Operation\boat_type_classification_dataset\paper_boat\7_it.jpg
C:\Users\marti\OneDrive\Desktop\Horizon Archive\Simplilearn Training Files\C6_DL_Learn_Spec\C6_DL_Learn_Spec\Data\CEP_Data\Automatic_Port_Operation\boat_type_classification_dataset\paper_boat\8.jpg,C:\Users\marti\OneDrive\Desktop\Horizon Archive\Simplilearn Training Files\C6_DL_Learn_Spec\C6_DL_Learn_Spec\Data\CEP_Data\Automatic_Port_Operation\boat_type_classification_dataset\paper_boat\8_it.jpg
C:\Users\marti\OneDrive\Desktop\Horizon Archive\Simplilearn Training Files\C6_DL_Learn_Spec\C6_DL_Learn_Spec\Data\CEP_Data\Automatic_Port_Operation\boat_type_classification_dataset\paper_boat\9.jpg,C:\Users\marti\OneDrive\Desktop\Horizon Archive\Simplilearn Training Files\C6_DL_Learn_Spec\C6_DL_Learn_Spec\Data\CEP_Data\Automatic_Port_Operation\boat_type_classification_dataset\paper_boat\9_it.jpg
C:\Users\marti\OneDrive\Desktop\Horizon Archive\Simplilearn Training Files\C6_DL_Learn_Spec\C6_DL_Learn_Spec\Instr_Slides_NB\L06_PyTorch\Example_Building_a_DL_model_With_Fashion_MNIST_dataset.ipynb,C:\Users\marti\OneDrive\Desktop\Horizon Archive\Simplilearn Training Files\C6_DL_Learn_Spec\C6_DL_Learn_Spec\Instr_Slides_NB\L06_PyTorch\Exam_Buil_a_DL_mode_With_Fas.ipynb
C:\Users\marti\OneDrive\Desktop\Horizon Archive\Simplilearn Training Files\C6_DL_Learn_Spec\C6_DL_Learn_Spec\Data\CEP_Data\Automatic_Port_Operation\boat_type_classification_dataset\sailboat\10.jpg,C:\Users\marti\OneDrive\Desktop\Horizon Archive\Simplilearn Training Files\C6_DL_Learn_Spec\C6_DL_Learn_Spec\Data\CEP_Data\Automatic_Port_Operation\boat_type_classification_dataset\sailboat\10_it.jpg
C:\Users\marti\OneDrive\Desktop\Horizon Archive\Simplilearn Training Files\C6_DL_Learn_Spec\C6_DL_Learn_Spec\Data\CEP_Data\Automatic_Port_Operation\boat_type_classification_dataset\sailboat\11.jpg,C:\Users\marti\OneDrive\Desktop\Horizon Archive\Simplilearn Training Files\C6_DL_Learn_Spec\C6_DL_Learn_Spec\Data\CEP_Data\Automatic_Port_Operation\boat_type_classification_dataset\sailboat\11_it.jpg
C:\Users\marti\OneDrive\Desktop\Horizon Archive\Simplilearn Training Files\C6_DL_Learn_Spec\C6_DL_Learn_Spec\Data\CEP_Data\Automatic_Port_Operation\boat_type_classification_dataset\sailboat\12.jpg,C:\Users\marti\OneDrive\Desktop\Horizon Archive\Simplilearn Training Files\C6_DL_Learn_Spec\C6_DL_Learn_Spec\Data\CEP_Data\Automatic_Port_Operation\boat_type_classification_dataset\sailboat\12_it.jpg
C:\Users\marti\OneDrive\Desktop\Horizon Archive\Simplilearn Training Files\C6_DL_Learn_Spec\C6_DL_Learn_Spec\Data\CEP_Data\Automatic_Port_Operation\boat_type_classification_dataset\sailboat\13.jpg,C:\Users\marti\OneDrive\Desktop\Horizon Archive\Simplilearn Training Files\C6_DL_Learn_Spec\C6_DL_Learn_Spec\Data\CEP_Data\Automatic_Port_Operation\boat_type_classification_dataset\sailboat\13_it.jpg
C:\Users\marti\OneDrive\Desktop\Horizon Archive\Simplilearn Training Files\C6_DL_Learn_Spec\C6_DL_Learn_Spec\Data\CEP_Data\Automatic_Port_Operation\boat_type_classification_dataset\sailboat\14.jpg,C:\Users\marti\OneDrive\Desktop\Horizon Archive\Simplilearn Training Files\C6_DL_Learn_Spec\C6_DL_Learn_Spec\Data\CEP_Data\Automatic_Port_Operation\boat_type_classification_dataset\sailboat\14_it.jpg
C:\Users\marti\OneDrive\Desktop\Horizon Archive\Simplilearn Training Files\C6_DL_Learn_Spec\C6_DL_Learn_Spec\Data\CEP_Data\Automatic_Port_Operation\boat_type_classification_dataset\sailboat\15.jpg,C:\Users\marti\OneDrive\Desktop\Horizon Archive\Simplilearn Training Files\C6_DL_Learn_Spec\C6_DL_Learn_Spec\Data\CEP_Data\Automatic_Port_Operation\boat_type_classification_dataset\sailboat\15_it.jpg
C:\Users\marti\OneDrive\Desktop\Horizon Archive\Simplilearn Training Files\C6_DL_Learn_Spec\C6_DL_Learn_Spec\Data\CEP_Data\Automatic_Port_Operation\boat_type_classification_dataset\sailboat\16.jpg,C:\Users\marti\OneDrive\Desktop\Horizon Archive\Simplilearn Training Files\C6_DL_Learn_Spec\C6_DL_Learn_Spec\Data\CEP_Data\Automatic_Port_Operation\boat_type_classification_dataset\sailboat\16_it.jpg
C:\Users\marti\OneDrive\Desktop\Horizon Archive\Simplilearn Training Files\C6_DL_Learn_Spec\C6_DL_Learn_Spec\Data\CEP_Data\Automatic_Port_Operation\boat_type_classification_dataset\sailboat\17.jpg,C:\Users\marti\OneDrive\Desktop\Horizon Archive\Simplilearn Training Files\C6_DL_Learn_Spec\C6_DL_Learn_Spec\Data\CEP_Data\Automatic_Port_Operation\boat_type_classification_dataset\sailboat\17_it.jpg
C:\Users\marti\OneDrive\Desktop\Horizon Archive\Simplilearn Training Files\C6_DL_Learn_Spec\C6_DL_Learn_Spec\Data\CEP_Data\Automatic_Port_Operation\boat_type_classification_dataset\sailboat\18.jpg,C:\Users\marti\OneDrive\Desktop\Horizon Archive\Simplilearn Training Files\C6_DL_Learn_Spec\C6_DL_Learn_Spec\Data\CEP_Data\Automatic_Port_Operation\boat_type_classification_dataset\sailboat\18_it.jpg
C:\Users\marti\OneDrive\Desktop\Horizon Archive\Simplilearn Training Files\C6_DL_Learn_Spec\C6_DL_Learn_Spec\Data\CEP_Data\Automatic_Port_Operation\boat_type_classification_dataset\sailboat\19.jpg,C:\Users\marti\OneDrive\Desktop\Horizon Archive\Simplilearn Training Files\C6_DL_Learn_Spec\C6_DL_Learn_Spec\Data\CEP_Data\Automatic_Port_Operation\boat_type_classification_dataset\sailboat\19_it.jpg
C:\Users\marti\OneDrive\Desktop\Horizon Archive\Simplilearn Training Files\C6_DL_Learn_Spec\C6_DL_Learn_Spec\Data\CEP_Data\Automatic_Port_Operation\boat_type_classification_dataset\sailboat\20.jpg,C:\Users\marti\OneDrive\Desktop\Horizon Archive\Simplilearn Training Files\C6_DL_Learn_Spec\C6_DL_Learn_Spec\Data\CEP_Data\Automatic_Port_Operation\boat_type_classification_dataset\sailboat\20_it.jpg
C:\Users\marti\OneDrive\Desktop\Horizon Archive\Simplilearn Training Files\C6_DL_Learn_Spec\C6_DL_Learn_Spec\Data\CEP_Data\Automatic_Port_Operation\boat_type_classification_dataset\sailboat\21.jpg,C:\Users\marti\OneDrive\Desktop\Horizon Archive\Simplilearn Training Files\C6_DL_Learn_Spec\C6_DL_Learn_Spec\Data\CEP_Data\Automatic_Port_Operation\boat_type_classification_dataset\sailboat\21_it.jpg
C:\Users\marti\OneDrive\Desktop\Horizon Archive\Simplilearn Training Files\C6_DL_Learn_Spec\C6_DL_Learn_Spec\Data\CEP_Data\Automatic_Port_Operation\boat_type_classification_dataset\sailboat\22.jpg,C:\Users\marti\OneDrive\Desktop\Horizon Archive\Simplilearn Training Files\C6_DL_Learn_Spec\C6_DL_Learn_Spec\Data\CEP_Data\Automatic_Port_Operation\boat_type_classification_dataset\sailboat\22_it.jpg
C:\Users\marti\OneDrive\Desktop\Horizon Archive\Simplilearn Training Files\C6_DL_Learn_Spec\C6_DL_Learn_Spec\Data\CEP_Data\Automatic_Port_Operation\boat_type_classification_dataset\sailboat\23.jpg,C:\Users\marti\OneDrive\Desktop\Horizon Archive\Simplilearn Training Files\C6_DL_Learn_Spec\C6_DL_Learn_Spec\Data\CEP_Data\Automatic_Port_Operation\boat_type_classification_dataset\sailboat\23_it.jpg
C:\Users\marti\OneDrive\Desktop\Horizon Archive\Simplilearn Training Files\C6_DL_Learn_Spec\C6_DL_Learn_Spec\Data\CEP_Data\Automatic_Port_Operation\boat_type_classification_dataset\sailboat\24.jpg,C:\Users\marti\OneDrive\Desktop\Horizon Archive\Simplilearn Training Files\C6_DL_Learn_Spec\C6_DL_Learn_Spec\Data\CEP_Data\Automatic_Port_Operation\boat_type_classification_dataset\sailboat\24_it.jpg
C:\Users\marti\OneDrive\Desktop\Horizon Archive\Simplilearn Training Files\C6_DL_Learn_Spec\C6_DL_Learn_Spec\Data\CEP_Data\Automatic_Port_Operation\boat_type_classification_dataset\sailboat\25.jpg,C:\Users\marti\OneDrive\Desktop\Horizon Archive\Simplilearn Training Files\C6_DL_Learn_Spec\C6_DL_Learn_Spec\Data\CEP_Data\Automatic_Port_Operation\boat_type_classification_dataset\sailboat\25_it.jpg
C:\Users\marti\OneDrive\Desktop\Horizon Archive\Simplilearn Training Files\C6_DL_Learn_Spec\C6_DL_Learn_Spec\Data\CEP_Data\Automatic_Port_Operation\boat_type_classification_dataset\sailboat\26.jpg,C:\Users\marti\OneDrive\Desktop\Horizon Archive\Simplilearn Training Files\C6_DL_Learn_Spec\C6_DL_Learn_Spec\Data\CEP_Data\Automatic_Port_Operation\boat_type_classification_dataset\sailboat\26_it.jpg
C:\Users\marti\OneDrive\Desktop\Horizon Archive\Simplilearn Training Files\C6_DL_Learn_Spec\C6_DL_Learn_Spec\Data\CEP_Data\Automatic_Port_Operation\boat_type_classification_dataset\sailboat\27.jpg,C:\Users\marti\OneDrive\Desktop\Horizon Archive\Simplilearn Training Files\C6_DL_Learn_Spec\C6_DL_Learn_Spec\Data\CEP_Data\Automatic_Port_Operation\boat_type_classification_dataset\sailboat\27_it.jpg
C:\Users\marti\OneDrive\Desktop\Horizon Archive\Simplilearn Training Files\C6_DL_Learn_Spec\C6_DL_Learn_Spec\Data\CEP_Data\Automatic_Port_Operation\boat_type_classification_dataset\sailboat\28.jpg,C:\Users\marti\OneDrive\Desktop\Horizon Archive\Simplilearn Training Files\C6_DL_Learn_Spec\C6_DL_Learn_Spec\Data\CEP_Data\Automatic_Port_Operation\boat_type_classification_dataset\sailboat\28_it.jpg
C:\Users\marti\OneDrive\Desktop\Horizon Archive\Simplilearn Training Files\C6_DL_Learn_Spec\C6_DL_Learn_Spec\Data\CEP_Data\Automatic_Port_Operation\boat_type_classification_dataset\sailboat\29.jpg,C:\Users\marti\OneDrive\Desktop\Horizon Archive\Simplilearn Training Files\C6_DL_Learn_Spec\C6_DL_Learn_Spec\Data\CEP_Data\Automatic_Port_Operation\boat_type_classification_dataset\sailboat\29_it.jpg
C:\Users\marti\OneDrive\Desktop\Horizon Archive\Simplilearn Training Files\C6_DL_Learn_Spec\C6_DL_Learn_Spec\Data\CEP_Data\Automatic_Port_Operation\boat_type_classification_dataset\sailboat\30.jpg,C:\Users\marti\OneDrive\Desktop\Horizon Archive\Simplilearn Training Files\C6_DL_Learn_Spec\C6_DL_Learn_Spec\Data\CEP_Data\Automatic_Port_Operation\boat_type_classification_dataset\sailboat\30_it.jpg
C:\Users\marti\OneDrive\Desktop\Horizon Archive\Simplilearn Training Files\C6_DL_Learn_Spec\C6_DL_Learn_Spec\Data\CEP_Data\Automatic_Port_Operation\boat_type_classification_dataset\sailboat\31.jpg,C:\Users\marti\OneDrive\Desktop\Horizon Archive\Simplilearn Training Files\C6_DL_Learn_Spec\C6_DL_Learn_Spec\Data\CEP_Data\Automatic_Port_Operation\boat_type_classification_dataset\sailboat\31_it.jpg
C:\Users\marti\OneDrive\Desktop\Horizon Archive\Simplilearn Training Files\C6_DL_Learn_Spec\C6_DL_Learn_Spec\Data\CEP_Data\Automatic_Port_Operation\boat_type_classification_dataset\sailboat\32.jpg,C:\Users\marti\OneDrive\Desktop\Horizon Archive\Simplilearn Training Files\C6_DL_Learn_Spec\C6_DL_Learn_Spec\Data\CEP_Data\Automatic_Port_Operation\boat_type_classification_dataset\sailboat\32_it.jpg
C:\Users\marti\OneDrive\Desktop\Horizon Archive\Simplilearn Training Files\C6_DL_Learn_Spec\C6_DL_Learn_Spec\Data\CEP_Data\Automatic_Port_Operation\boat_type_classification_dataset\sailboat\33.jpg,C:\Users\marti\OneDrive\Desktop\Horizon Archive\Simplilearn Training Files\C6_DL_Learn_Spec\C6_DL_Learn_Spec\Data\CEP_Data\Automatic_Port_Operation\boat_type_classification_dataset\sailboat\33_it.jpg
C:\Users\marti\OneDrive\Desktop\Horizon Archive\Simplilearn Training Files\C6_DL_Learn_Spec\C6_DL_Learn_Spec\Data\CEP_Data\Automatic_Port_Operation\boat_type_classification_dataset\sailboat\34.jpg,C:\Users\marti\OneDrive\Desktop\Horizon Archive\Simplilearn Training Files\C6_DL_Learn_Spec\C6_DL_Learn_Spec\Data\CEP_Data\Automatic_Port_Operation\boat_type_classification_dataset\sailboat\34_it.jpg
C:\Users\marti\OneDrive\Desktop\Horizon Archive\Simplilearn Training Files\C6_DL_Learn_Spec\C6_DL_Learn_Spec\Data\CEP_Data\Automatic_Port_Operation\boat_type_classification_dataset\sailboat\35.jpg,C:\Users\marti\OneDrive\Desktop\Horizon Archive\Simplilearn Training Files\C6_DL_Learn_Spec\C6_DL_Learn_Spec\Data\CEP_Data\Automatic_Port_Operation\boat_type_classification_dataset\sailboat\35_it.jpg
C:\Users\marti\OneDrive\Desktop\Horizon Archive\Simplilearn Training Files\C6_DL_Learn_Spec\C6_DL_Learn_Spec\Data\CEP_Data\Automatic_Port_Operation\boat_type_classification_dataset\sailboat\36.jpg,C:\Users\marti\OneDrive\Desktop\Horizon Archive\Simplilearn Training Files\C6_DL_Learn_Spec\C6_DL_Learn_Spec\Data\CEP_Data\Automatic_Port_Operation\boat_type_classification_dataset\sailboat\36_it.jpg
C:\Users\marti\OneDrive\Desktop\Horizon Archive\Simplilearn Training Files\C6_DL_Learn_Spec\C6_DL_Learn_Spec\Data\CEP_Data\Automatic_Port_Operation\boat_type_classification_dataset\sailboat\37.jpg,C:\Users\marti\OneDrive\Desktop\Horizon Archive\Simplilearn Training Files\C6_DL_Learn_Spec\C6_DL_Learn_Spec\Data\CEP_Data\Automatic_Port_Operation\boat_type_classification_dataset\sailboat\37_it.jpg
C:\Users\marti\OneDrive\Desktop\Horizon Archive\Simplilearn Training Files\C6_DL_Learn_Spec\C6_DL_Learn_Spec\Data\CEP_Data\Automatic_Port_Operation\boat_type_classification_dataset\sailboat\38.jpg,C:\Users\marti\OneDrive\Desktop\Horizon Archive\Simplilearn Training Files\C6_DL_Learn_Spec\C6_DL_Learn_Spec\Data\CEP_Data\Automatic_Port_Operation\boat_type_classification_dataset\sailboat\38_it.jpg
C:\Users\marti\OneDrive\Desktop\Horizon Archive\Simplilearn Training Files\C6_DL_Learn_Spec\C6_DL_Learn_Spec\Data\CEP_Data\Automatic_Port_Operation\boat_type_classification_dataset\sailboat\39.jpg,C:\Users\marti\OneDrive\Desktop\Horizon Archive\Simplilearn Training Files\C6_DL_Learn_Spec\C6_DL_Learn_Spec\Data\CEP_Data\Automatic_Port_Operation\boat_type_classification_dataset\sailboat\39_it.jpg
C:\Users\marti\OneDrive\Desktop\Horizon Archive\Simplilearn Training Files\C6_DL_Learn_Spec\C6_DL_Learn_Spec\Data\CEP_Data\Automatic_Port_Operation\boat_type_classification_dataset\sailboat\40.jpg,C:\Users\marti\OneDrive\Desktop\Horizon Archive\Simplilearn Training Files\C6_DL_Learn_Spec\C6_DL_Learn_Spec\Data\CEP_Data\Automatic_Port_Operation\boat_type_classification_dataset\sailboat\40_it.jpg
C:\Users\marti\OneDrive\Desktop\Horizon Archive\Simplilearn Training Files\C6_DL_Learn_Spec\C6_DL_Learn_Spec\Data\CEP_Data\Automatic_Port_Operation\boat_type_classification_dataset\sailboat\41.jpg,C:\Users\marti\OneDrive\Desktop\Horizon Archive\Simplilearn Training Files\C6_DL_Learn_Spec\C6_DL_Learn_Spec\Data\CEP_Data\Automatic_Port_Operation\boat_type_classification_dataset\sailboat\41_it.jpg
C:\Users\marti\OneDrive\Desktop\Horizon Archive\Simplilearn Training Files\C6_DL_Learn_Spec\C6_DL_Learn_Spec\Data\CEP_Data\Automatic_Port_Operation\boat_type_classification_dataset\sailboat\42.jpg,C:\Users\marti\OneDrive\Desktop\Horizon Archive\Simplilearn Training Files\C6_DL_Learn_Spec\C6_DL_Learn_Spec\Data\CEP_Data\Automatic_Port_Operation\boat_type_classification_dataset\sailboat\42_it.jpg
C:\Users\marti\OneDrive\Desktop\Horizon Archive\Simplilearn Training Files\C6_DL_Learn_Spec\C6_DL_Learn_Spec\Data\CEP_Data\Automatic_Port_Operation\boat_type_classification_dataset\sailboat\43.jpg,C:\Users\marti\OneDrive\Desktop\Horizon Archive\Simplilearn Training Files\C6_DL_Learn_Spec\C6_DL_Learn_Spec\Data\CEP_Data\Automatic_Port_Operation\boat_type_classification_dataset\sailboat\43_it.jpg
C:\Users\marti\OneDrive\Desktop\Horizon Archive\Simplilearn Training Files\C6_DL_Learn_Spec\C6_DL_Learn_Spec\Data\CEP_Data\Automatic_Port_Operation\boat_type_classification_dataset\sailboat\44.jpg,C:\Users\marti\OneDrive\Desktop\Horizon Archive\Simplilearn Training Files\C6_DL_Learn_Spec\C6_DL_Learn_Spec\Data\CEP_Data\Automatic_Port_Operation\boat_type_classification_dataset\sailboat\44_it.jpg
C:\Users\marti\OneDrive\Desktop\Horizon Archive\Simplilearn Training Files\C6_DL_Learn_Spec\C6_DL_Learn_Spec\Data\CEP_Data\Automatic_Port_Operation\boat_type_classification_dataset\sailboat\45.jpg,C:\Users\marti\OneDrive\Desktop\Horizon Archive\Simplilearn Training Files\C6_DL_Learn_Spec\C6_DL_Learn_Spec\Data\CEP_Data\Automatic_Port_Operation\boat_type_classification_dataset\sailboat\45_it.jpg
C:\Users\marti\OneDrive\Desktop\Horizon Archive\Simplilearn Training Files\C6_DL_Learn_Spec\C6_DL_Learn_Spec\Data\CEP_Data\Automatic_Port_Operation\boat_type_classification_dataset\sailboat\46.jpg,C:\Users\marti\OneDrive\Desktop\Horizon Archive\Simplilearn Training Files\C6_DL_Learn_Spec\C6_DL_Learn_Spec\Data\CEP_Data\Automatic_Port_Operation\boat_type_classification_dataset\sailboat\46_it.jpg
C:\Users\marti\OneDrive\Desktop\Horizon Archive\Simplilearn Training Files\C6_DL_Learn_Spec\C6_DL_Learn_Spec\Data\CEP_Data\Automatic_Port_Operation\boat_type_classification_dataset\sailboat\47.jpg,C:\Users\marti\OneDrive\Desktop\Horizon Archive\Simplilearn Training Files\C6_DL_Learn_Spec\C6_DL_Learn_Spec\Data\CEP_Data\Automatic_Port_Operation\boat_type_classification_dataset\sailboat\47_it.jpg
C:\Users\marti\OneDrive\Desktop\Horizon Archive\Simplilearn Training Files\C6_DL_Learn_Spec\C6_DL_Learn_Spec\Data\CEP_Data\Automatic_Port_Operation\boat_type_classification_dataset\sailboat\48.jpg,C:\Users\marti\OneDrive\Desktop\Horizon Archive\Simplilearn Training Files\C6_DL_Learn_Spec\C6_DL_Learn_Spec\Data\CEP_Data\Automatic_Port_Operation\boat_type_classification_dataset\sailboat\48_it.jpg
C:\Users\marti\OneDrive\Desktop\Horizon Archive\Simplilearn Training Files\C6_DL_Learn_Spec\C6_DL_Learn_Spec\Data\CEP_Data\Automatic_Port_Operation\boat_type_classification_dataset\sailboat\49.jpg,C:\Users\marti\OneDrive\Desktop\Horizon Archive\Simplilearn Training Files\C6_DL_Learn_Spec\C6_DL_Learn_Spec\Data\CEP_Data\Automatic_Port_Operation\boat_type_classification_dataset\sailboat\49_it.jpg
C:\Users\marti\OneDrive\Desktop\Horizon Archive\Simplilearn Training Files\C6_DL_Learn_Spec\C6_DL_Learn_Spec\Data\CEP_Data\Automatic_Port_Operation\boat_type_classification_dataset\sailboat\50.jpg,C:\Users\marti\OneDrive\Desktop\Horizon Archive\Simplilearn Training Files\C6_DL_Learn_Spec\C6_DL_Learn_Spec\Data\CEP_Data\Automatic_Port_Operation\boat_type_classification_dataset\sailboat\50_it.jpg
C:\Users\marti\OneDrive\Desktop\Horizon Archive\Simplilearn Training Files\C6_DL_Learn_Spec\C6_DL_Learn_Spec\Data\CEP_Data\Automatic_Port_Operation\boat_type_classification_dataset\sailboat\51.jpg,C:\Users\marti\OneDrive\Desktop\Horizon Archive\Simplilearn Training Files\C6_DL_Learn_Spec\C6_DL_Learn_Spec\Data\CEP_Data\Automatic_Port_Operation\boat_type_classification_dataset\sailboat\51_it.jpg
C:\Users\marti\OneDrive\Desktop\Horizon Archive\Simplilearn Training Files\C6_DL_Learn_Spec\C6_DL_Learn_Spec\Data\CEP_Data\Automatic_Port_Operation\boat_type_classification_dataset\sailboat\52.jpg,C:\Users\marti\OneDrive\Desktop\Horizon Archive\Simplilearn Training Files\C6_DL_Learn_Spec\C6_DL_Learn_Spec\Data\CEP_Data\Automatic_Port_Operation\boat_type_classification_dataset\sailboat\52_it.jpg
C:\Users\marti\OneDrive\Desktop\Horizon Archive\Simplilearn Training Files\C6_DL_Learn_Spec\C6_DL_Learn_Spec\Data\CEP_Data\Automatic_Port_Operation\boat_type_classification_dataset\sailboat\53.jpg,C:\Users\marti\OneDrive\Desktop\Horizon Archive\Simplilearn Training Files\C6_DL_Learn_Spec\C6_DL_Learn_Spec\Data\CEP_Data\Automatic_Port_Operation\boat_type_classification_dataset\sailboat\53_it.jpg
C:\Users\marti\OneDrive\Desktop\Horizon Archive\Simplilearn Training Files\C6_DL_Learn_Spec\C6_DL_Learn_Spec\Data\CEP_Data\Automatic_Port_Operation\boat_type_classification_dataset\sailboat\54.jpg,C:\Users\marti\OneDrive\Desktop\Horizon Archive\Simplilearn Training Files\C6_DL_Learn_Spec\C6_DL_Learn_Spec\Data\CEP_Data\Automatic_Port_Operation\boat_type_classification_dataset\sailboat\54_it.jpg
C:\Users\marti\OneDrive\Desktop\Horizon Archive\Simplilearn Training Files\C6_DL_Learn_Spec\C6_DL_Learn_Spec\Data\CEP_Data\Automatic_Port_Operation\boat_type_classification_dataset\sailboat\55.jpg,C:\Users\marti\OneDrive\Desktop\Horizon Archive\Simplilearn Training Files\C6_DL_Learn_Spec\C6_DL_Learn_Spec\Data\CEP_Data\Automatic_Port_Operation\boat_type_classification_dataset\sailboat\55_it.jpg
C:\Users\marti\OneDrive\Desktop\Horizon Archive\Simplilearn Training Files\C6_DL_Learn_Spec\C6_DL_Learn_Spec\Data\CEP_Data\Automatic_Port_Operation\boat_type_classification_dataset\sailboat\56.jpg,C:\Users\marti\OneDrive\Desktop\Horizon Archive\Simplilearn Training Files\C6_DL_Learn_Spec\C6_DL_Learn_Spec\Data\CEP_Data\Automatic_Port_Operation\boat_type_classification_dataset\sailboat\56_it.jpg
C:\Users\marti\OneDrive\Desktop\Horizon Archive\Simplilearn Training Files\C6_DL_Learn_Spec\C6_DL_Learn_Spec\Data\CEP_Data\Automatic_Port_Operation\boat_type_classification_dataset\sailboat\57.jpg,C:\Users\marti\OneDrive\Desktop\Horizon Archive\Simplilearn Training Files\C6_DL_Learn_Spec\C6_DL_Learn_Spec\Data\CEP_Data\Automatic_Port_Operation\boat_type_classification_dataset\sailboat\57_it.jpg
C:\Users\marti\OneDrive\Desktop\Horizon Archive\Simplilearn Training Files\C6_DL_Learn_Spec\C6_DL_Learn_Spec\Data\CEP_Data\Automatic_Port_Operation\boat_type_classification_dataset\sailboat\58.jpg,C:\Users\marti\OneDrive\Desktop\Horizon Archive\Simplilearn Training Files\C6_DL_Learn_Spec\C6_DL_Learn_Spec\Data\CEP_Data\Automatic_Port_Operation\boat_type_classification_dataset\sailboat\58_it.jpg
C:\Users\marti\OneDrive\Desktop\Horizon Archive\Simplilearn Training Files\C6_DL_Learn_Spec\C6_DL_Learn_Spec\Data\CEP_Data\Automatic_Port_Operation\boat_type_classification_dataset\sailboat\59.jpg,C:\Users\marti\OneDrive\Desktop\Horizon Archive\Simplilearn Training Files\C6_DL_Learn_Spec\C6_DL_Learn_Spec\Data\CEP_Data\Automatic_Port_Operation\boat_type_classification_dataset\sailboat\59_it.jpg
C:\Users\marti\OneDrive\Desktop\Horizon Archive\Simplilearn Training Files\C6_DL_Learn_Spec\C6_DL_Learn_Spec\Data\CEP_Data\Automatic_Port_Operation\boat_type_classification_dataset\sailboat\60.jpg,C:\Users\marti\OneDrive\Desktop\Horizon Archive\Simplilearn Training Files\C6_DL_Learn_Spec\C6_DL_Learn_Spec\Data\CEP_Data\Automatic_Port_Operation\boat_type_classification_dataset\sailboat\60_it.jpg
C:\Users\marti\OneDrive\Desktop\Horizon Archive\Simplilearn Training Files\C6_DL_Learn_Spec\C6_DL_Learn_Spec\Data\CEP_Data\Automatic_Port_Operation\boat_type_classification_dataset\sailboat\61.jpg,C:\Users\marti\OneDrive\Desktop\Horizon Archive\Simplilearn Training Files\C6_DL_Learn_Spec\C6_DL_Learn_Spec\Data\CEP_Data\Automatic_Port_Operation\boat_type_classification_dataset\sailboat\61_it.jpg
C:\Users\marti\OneDrive\Desktop\Horizon Archive\Simplilearn Training Files\C6_DL_Learn_Spec\C6_DL_Learn_Spec\Data\CEP_Data\Automatic_Port_Operation\boat_type_classification_dataset\sailboat\62.jpg,C:\Users\marti\OneDrive\Desktop\Horizon Archive\Simplilearn Training Files\C6_DL_Learn_Spec\C6_DL_Learn_Spec\Data\CEP_Data\Automatic_Port_Operation\boat_type_classification_dataset\sailboat\62_it.jpg
C:\Users\marti\OneDrive\Desktop\Horizon Archive\Simplilearn Training Files\C6_DL_Learn_Spec\C6_DL_Learn_Spec\Data\CEP_Data\Automatic_Port_Operation\boat_type_classification_dataset\sailboat\63.jpg,C:\Users\marti\OneDrive\Desktop\Horizon Archive\Simplilearn Training Files\C6_DL_Learn_Spec\C6_DL_Learn_Spec\Data\CEP_Data\Automatic_Port_Operation\boat_type_classification_dataset\sailboat\63_it.jpg
C:\Users\marti\OneDrive\Desktop\Horizon Archive\Simplilearn Training Files\C6_DL_Learn_Spec\C6_DL_Learn_Spec\Data\CEP_Data\Automatic_Port_Operation\boat_type_classification_dataset\sailboat\64.jpg,C:\Users\marti\OneDrive\Desktop\Horizon Archive\Simplilearn Training Files\C6_DL_Learn_Spec\C6_DL_Learn_Spec\Data\CEP_Data\Automatic_Port_Operation\boat_type_classification_dataset\sailboat\64_it.jpg
C:\Users\marti\OneDrive\Desktop\Horizon Archive\Simplilearn Training Files\C6_DL_Learn_Spec\C6_DL_Learn_Spec\Data\CEP_Data\Automatic_Port_Operation\boat_type_classification_dataset\sailboat\65.jpg,C:\Users\marti\OneDrive\Desktop\Horizon Archive\Simplilearn Training Files\C6_DL_Learn_Spec\C6_DL_Learn_Spec\Data\CEP_Data\Automatic_Port_Operation\boat_type_classification_dataset\sailboat\65_it.jpg
C:\Users\marti\OneDrive\Desktop\Horizon Archive\Simplilearn Training Files\C6_DL_Learn_Spec\C6_DL_Learn_Spec\Data\CEP_Data\Automatic_Port_Operation\boat_type_classification_dataset\sailboat\66.jpg,C:\Users\marti\OneDrive\Desktop\Horizon Archive\Simplilearn Training Files\C6_DL_Learn_Spec\C6_DL_Learn_Spec\Data\CEP_Data\Automatic_Port_Operation\boat_type_classification_dataset\sailboat\66_it.jpg
C:\Users\marti\OneDrive\Desktop\Horizon Archive\Simplilearn Training Files\C6_DL_Learn_Spec\C6_DL_Learn_Spec\Data\CEP_Data\Automatic_Port_Operation\boat_type_classification_dataset\sailboat\67.jpg,C:\Users\marti\OneDrive\Desktop\Horizon Archive\Simplilearn Training Files\C6_DL_Learn_Spec\C6_DL_Learn_Spec\Data\CEP_Data\Automatic_Port_Operation\boat_type_classification_dataset\sailboat\67_it.jpg
C:\Users\marti\OneDrive\Desktop\Horizon Archive\Simplilearn Training Files\C6_DL_Learn_Spec\C6_DL_Learn_Spec\Data\CEP_Data\Automatic_Port_Operation\boat_type_classification_dataset\sailboat\68.jpg,C:\Users\marti\OneDrive\Desktop\Horizon Archive\Simplilearn Training Files\C6_DL_Learn_Spec\C6_DL_Learn_Spec\Data\CEP_Data\Automatic_Port_Operation\boat_type_classification_dataset\sailboat\68_it.jpg
C:\Users\marti\OneDrive\Desktop\Horizon Archive\Simplilearn Training Files\C6_DL_Learn_Spec\C6_DL_Learn_Spec\Data\CEP_Data\Automatic_Port_Operation\boat_type_classification_dataset\sailboat\69.jpg,C:\Users\marti\OneDrive\Desktop\Horizon Archive\Simplilearn Training Files\C6_DL_Learn_Spec\C6_DL_Learn_Spec\Data\CEP_Data\Automatic_Port_Operation\boat_type_classification_dataset\sailboat\69_it.jpg
C:\Users\marti\OneDrive\Desktop\Horizon Archive\Simplilearn Training Files\C6_DL_Learn_Spec\C6_DL_Learn_Spec\Data\CEP_Data\Automatic_Port_Operation\boat_type_classification_dataset\sailboat\70.jpg,C:\Users\marti\OneDrive\Desktop\Horizon Archive\Simplilearn Training Files\C6_DL_Learn_Spec\C6_DL_Learn_Spec\Data\CEP_Data\Automatic_Port_Operation\boat_type_classification_dataset\sailboat\70_it.jpg
C:\Users\marti\OneDrive\Desktop\Horizon Archive\Simplilearn Training Files\C6_DL_Learn_Spec\C6_DL_Learn_Spec\Data\CEP_Data\Automatic_Port_Operation\boat_type_classification_dataset\sailboat\71.jpg,C:\Users\marti\OneDrive\Desktop\Horizon Archive\Simplilearn Training Files\C6_DL_Learn_Spec\C6_DL_Learn_Spec\Data\CEP_Data\Automatic_Port_Operation\boat_type_classification_dataset\sailboat\71_it.jpg
C:\Users\marti\OneDrive\Desktop\Horizon Archive\Simplilearn Training Files\C6_DL_Learn_Spec\C6_DL_Learn_Spec\Data\CEP_Data\Automatic_Port_Operation\boat_type_classification_dataset\sailboat\72.jpg,C:\Users\marti\OneDrive\Desktop\Horizon Archive\Simplilearn Training Files\C6_DL_Learn_Spec\C6_DL_Learn_Spec\Data\CEP_Data\Automatic_Port_Operation\boat_type_classification_dataset\sailboat\72_it.jpg
C:\Users\marti\OneDrive\Desktop\Horizon Archive\Simplilearn Training Files\C6_DL_Learn_Spec\C6_DL_Learn_Spec\Data\CEP_Data\Automatic_Port_Operation\boat_type_classification_dataset\sailboat\73.jpg,C:\Users\marti\OneDrive\Desktop\Horizon Archive\Simplilearn Training Files\C6_DL_Learn_Spec\C6_DL_Learn_Spec\Data\CEP_Data\Automatic_Port_Operation\boat_type_classification_dataset\sailboat\73_it.jpg
C:\Users\marti\OneDrive\Desktop\Horizon Archive\Simplilearn Training Files\C6_DL_Learn_Spec\C6_DL_Learn_Spec\Data\CEP_Data\Automatic_Port_Operation\boat_type_classification_dataset\sailboat\74.jpg,C:\Users\marti\OneDrive\Desktop\Horizon Archive\Simplilearn Training Files\C6_DL_Learn_Spec\C6_DL_Learn_Spec\Data\CEP_Data\Automatic_Port_Operation\boat_type_classification_dataset\sailboat\74_it.jpg
C:\Users\marti\OneDrive\Desktop\Horizon Archive\Simplilearn Training Files\C6_DL_Learn_Spec\C6_DL_Learn_Spec\Data\CEP_Data\Automatic_Port_Operation\boat_type_classification_dataset\sailboat\75.jpg,C:\Users\marti\OneDrive\Desktop\Horizon Archive\Simplilearn Training Files\C6_DL_Learn_Spec\C6_DL_Learn_Spec\Data\CEP_Data\Automatic_Port_Operation\boat_type_classification_dataset\sailboat\75_it.jpg
C:\Users\marti\OneDrive\Desktop\Horizon Archive\Simplilearn Training Files\C6_DL_Learn_Spec\C6_DL_Learn_Spec\Data\CEP_Data\Automatic_Port_Operation\boat_type_classification_dataset\sailboat\76.jpg,C:\Users\marti\OneDrive\Desktop\Horizon Archive\Simplilearn Training Files\C6_DL_Learn_Spec\C6_DL_Learn_Spec\Data\CEP_Data\Automatic_Port_Operation\boat_type_classification_dataset\sailboat\76_it.jpg
C:\Users\marti\OneDrive\Desktop\Horizon Archive\Simplilearn Training Files\C6_DL_Learn_Spec\C6_DL_Learn_Spec\Data\CEP_Data\Automatic_Port_Operation\boat_type_classification_dataset\sailboat\77.jpg,C:\Users\marti\OneDrive\Desktop\Horizon Archive\Simplilearn Training Files\C6_DL_Learn_Spec\C6_DL_Learn_Spec\Data\CEP_Data\Automatic_Port_Operation\boat_type_classification_dataset\sailboat\77_it.jpg
C:\Users\marti\OneDrive\Desktop\Horizon Archive\Simplilearn Training Files\C6_DL_Learn_Spec\C6_DL_Learn_Spec\Data\CEP_Data\Automatic_Port_Operation\boat_type_classification_dataset\sailboat\78.jpg,C:\Users\marti\OneDrive\Desktop\Horizon Archive\Simplilearn Training Files\C6_DL_Learn_Spec\C6_DL_Learn_Spec\Data\CEP_Data\Automatic_Port_Operation\boat_type_classification_dataset\sailboat\78_it.jpg
C:\Users\marti\OneDrive\Desktop\Horizon Archive\Simplilearn Training Files\C6_DL_Learn_Spec\C6_DL_Learn_Spec\Data\CEP_Data\Automatic_Port_Operation\boat_type_classification_dataset\sailboat\79.jpg,C:\Users\marti\OneDrive\Desktop\Horizon Archive\Simplilearn Training Files\C6_DL_Learn_Spec\C6_DL_Learn_Spec\Data\CEP_Data\Automatic_Port_Operation\boat_type_classification_dataset\sailboat\79_it.jpg
C:\Users\marti\OneDrive\Desktop\Horizon Archive\Simplilearn Training Files\C6_DL_Learn_Spec\C6_DL_Learn_Spec\Data\CEP_Data\Automatic_Port_Operation\boat_type_classification_dataset\sailboat\80.jpg,C:\Users\marti\OneDrive\Desktop\Horizon Archive\Simplilearn Training Files\C6_DL_Learn_Spec\C6_DL_Learn_Spec\Data\CEP_Data\Automatic_Port_Operation\boat_type_classification_dataset\sailboat\80_it.jpg
C:\Users\marti\OneDrive\Desktop\Horizon Archive\Simplilearn Training Files\C6_DL_Learn_Spec\C6_DL_Learn_Spec\Data\CEP_Data\Automatic_Port_Operation\boat_type_classification_dataset\sailboat\81.jpg,C:\Users\marti\OneDrive\Desktop\Horizon Archive\Simplilearn Training Files\C6_DL_Learn_Spec\C6_DL_Learn_Spec\Data\CEP_Data\Automatic_Port_Operation\boat_type_classification_dataset\sailboat\81_it.jpg
C:\Users\marti\OneDrive\Desktop\Horizon Archive\Simplilearn Training Files\C6_DL_Learn_Spec\C6_DL_Learn_Spec\Data\CEP_Data\Automatic_Port_Operation\boat_type_classification_dataset\sailboat\82.jpg,C:\Users\marti\OneDrive\Desktop\Horizon Archive\Simplilearn Training Files\C6_DL_Learn_Spec\C6_DL_Learn_Spec\Data\CEP_Data\Automatic_Port_Operation\boat_type_classification_dataset\sailboat\82_it.jpg
C:\Users\marti\OneDrive\Desktop\Horizon Archive\Simplilearn Training Files\C6_DL_Learn_Spec\C6_DL_Learn_Spec\Data\CEP_Data\Automatic_Port_Operation\boat_type_classification_dataset\sailboat\83.jpg,C:\Users\marti\OneDrive\Desktop\Horizon Archive\Simplilearn Training Files\C6_DL_Learn_Spec\C6_DL_Learn_Spec\Data\CEP_Data\Automatic_Port_Operation\boat_type_classification_dataset\sailboat\83_it.jpg
C:\Users\marti\OneDrive\Desktop\Horizon Archive\Simplilearn Training Files\C6_DL_Learn_Spec\C6_DL_Learn_Spec\Data\CEP_Data\Automatic_Port_Operation\boat_type_classification_dataset\sailboat\84.jpg,C:\Users\marti\OneDrive\Desktop\Horizon Archive\Simplilearn Training Files\C6_DL_Learn_Spec\C6_DL_Learn_Spec\Data\CEP_Data\Automatic_Port_Operation\boat_type_classification_dataset\sailboat\84_it.jpg
C:\Users\marti\OneDrive\Desktop\Horizon Archive\Simplilearn Training Files\C6_DL_Learn_Spec\C6_DL_Learn_Spec\Data\CEP_Data\Automatic_Port_Operation\boat_type_classification_dataset\sailboat\85.jpg,C:\Users\marti\OneDrive\Desktop\Horizon Archive\Simplilearn Training Files\C6_DL_Learn_Spec\C6_DL_Learn_Spec\Data\CEP_Data\Automatic_Port_Operation\boat_type_classification_dataset\sailboat\85_it.jpg
C:\Users\marti\OneDrive\Desktop\Horizon Archive\Simplilearn Training Files\C6_DL_Learn_Spec\C6_DL_Learn_Spec\Data\CEP_Data\Automatic_Port_Operation\boat_type_classification_dataset\sailboat\86.jpg,C:\Users\marti\OneDrive\Desktop\Horizon Archive\Simplilearn Training Files\C6_DL_Learn_Spec\C6_DL_Learn_Spec\Data\CEP_Data\Automatic_Port_Operation\boat_type_classification_dataset\sailboat\86_it.jpg
C:\Users\marti\OneDrive\Desktop\Horizon Archive\Simplilearn Training Files\C6_DL_Learn_Spec\C6_DL_Learn_Spec\Data\CEP_Data\Automatic_Port_Operation\boat_type_classification_dataset\sailboat\87.jpg,C:\Users\marti\OneDrive\Desktop\Horizon Archive\Simplilearn Training Files\C6_DL_Learn_Spec\C6_DL_Learn_Spec\Data\CEP_Data\Automatic_Port_Operation\boat_type_classification_dataset\sailboat\87_it.jpg
C:\Users\marti\OneDrive\Desktop\Horizon Archive\Simplilearn Training Files\C6_DL_Learn_Spec\C6_DL_Learn_Spec\Data\CEP_Data\Automatic_Port_Operation\boat_type_classification_dataset\sailboat\88.jpg,C:\Users\marti\OneDrive\Desktop\Horizon Archive\Simplilearn Training Files\C6_DL_Learn_Spec\C6_DL_Learn_Spec\Data\CEP_Data\Automatic_Port_Operation\boat_type_classification_dataset\sailboat\88_it.jpg
C:\Users\marti\OneDrive\Desktop\Horizon Archive\Simplilearn Training Files\C6_DL_Learn_Spec\C6_DL_Learn_Spec\Data\CEP_Data\Automatic_Port_Operation\boat_type_classification_dataset\sailboat\89.jpg,C:\Users\marti\OneDrive\Desktop\Horizon Archive\Simplilearn Training Files\C6_DL_Learn_Spec\C6_DL_Learn_Spec\Data\CEP_Data\Automatic_Port_Operation\boat_type_classification_dataset\sailboat\89_it.jpg
C:\Users\marti\OneDrive\Desktop\Horizon Archive\Simplilearn Training Files\C6_DL_Learn_Spec\C6_DL_Learn_Spec\Data\CEP_Data\Automatic_Port_Operation\boat_type_classification_dataset\sailboat\90.jpg,C:\Users\marti\OneDrive\Desktop\Horizon Archive\Simplilearn Training Files\C6_DL_Learn_Spec\C6_DL_Learn_Spec\Data\CEP_Data\Automatic_Port_Operation\boat_type_classification_dataset\sailboat\90_it.jpg
C:\Users\marti\OneDrive\Desktop\Horizon Archive\Simplilearn Training Files\C6_DL_Learn_Spec\C6_DL_Learn_Spec\Data\CEP_Data\Automatic_Port_Operation\boat_type_classification_dataset\sailboat\91.jpg,C:\Users\marti\OneDrive\Desktop\Horizon Archive\Simplilearn Training Files\C6_DL_Learn_Spec\C6_DL_Learn_Spec\Data\CEP_Data\Automatic_Port_Operation\boat_type_classification_dataset\sailboat\91_it.jpg
C:\Users\marti\OneDrive\Desktop\Horizon Archive\Simplilearn Training Files\C6_DL_Learn_Spec\C6_DL_Learn_Spec\Data\CEP_Data\Automatic_Port_Operation\boat_type_classification_dataset\sailboat\92.jpg,C:\Users\marti\OneDrive\Desktop\Horizon Archive\Simplilearn Training Files\C6_DL_Learn_Spec\C6_DL_Learn_Spec\Data\CEP_Data\Automatic_Port_Operation\boat_type_classification_dataset\sailboat\92_it.jpg
C:\Users\marti\OneDrive\Desktop\Horizon Archive\Simplilearn Training Files\C6_DL_Learn_Spec\C6_DL_Learn_Spec\Data\CEP_Data\Automatic_Port_Operation\boat_type_classification_dataset\sailboat\93.jpg,C:\Users\marti\OneDrive\Desktop\Horizon Archive\Simplilearn Training Files\C6_DL_Learn_Spec\C6_DL_Learn_Spec\Data\CEP_Data\Automatic_Port_Operation\boat_type_classification_dataset\sailboat\93_it.jpg
C:\Users\marti\OneDrive\Desktop\Horizon Archive\Simplilearn Training Files\C6_DL_Learn_Spec\C6_DL_Learn_Spec\Data\CEP_Data\Automatic_Port_Operation\boat_type_classification_dataset\sailboat\94.jpg,C:\Users\marti\OneDrive\Desktop\Horizon Archive\Simplilearn Training Files\C6_DL_Learn_Spec\C6_DL_Learn_Spec\Data\CEP_Data\Automatic_Port_Operation\boat_type_classification_dataset\sailboat\94_it.jpg
C:\Users\marti\OneDrive\Desktop\Horizon Archive\Simplilearn Training Files\C6_DL_Learn_Spec\C6_DL_Learn_Spec\Data\CEP_Data\Automatic_Port_Operation\boat_type_classification_dataset\sailboat\95.jpg,C:\Users\marti\OneDrive\Desktop\Horizon Archive\Simplilearn Training Files\C6_DL_Learn_Spec\C6_DL_Learn_Spec\Data\CEP_Data\Automatic_Port_Operation\boat_type_classification_dataset\sailboat\95_it.jpg
C:\Users\marti\OneDrive\Desktop\Horizon Archive\Simplilearn Training Files\C6_DL_Learn_Spec\C6_DL_Learn_Spec\Data\CEP_Data\Automatic_Port_Operation\boat_type_classification_dataset\sailboat\96.jpg,C:\Users\marti\OneDrive\Desktop\Horizon Archive\Simplilearn Training Files\C6_DL_Learn_Spec\C6_DL_Learn_Spec\Data\CEP_Data\Automatic_Port_Operation\boat_type_classification_dataset\sailboat\96_it.jpg
C:\Users\marti\OneDrive\Desktop\Horizon Archive\Simplilearn Training Files\C6_DL_Learn_Spec\C6_DL_Learn_Spec\Data\CEP_Data\Automatic_Port_Operation\boat_type_classification_dataset\sailboat\97.jpg,C:\Users\marti\OneDrive\Desktop\Horizon Archive\Simplilearn Training Files\C6_DL_Learn_Spec\C6_DL_Learn_Spec\Data\CEP_Data\Automatic_Port_Operation\boat_type_classification_dataset\sailboat\97_it.jpg
C:\Users\marti\OneDrive\Desktop\Horizon Archive\Simplilearn Training Files\C6_DL_Learn_Spec\C6_DL_Learn_Spec\Data\CEP_Data\Automatic_Port_Operation\boat_type_classification_dataset\sailboat\98.jpg,C:\Users\marti\OneDrive\Desktop\Horizon Archive\Simplilearn Training Files\C6_DL_Learn_Spec\C6_DL_Learn_Spec\Data\CEP_Data\Automatic_Port_Operation\boat_type_classification_dataset\sailboat\98_it.jpg
C:\Users\marti\OneDrive\Desktop\Horizon Archive\Simplilearn Training Files\C6_DL_Learn_Spec\C6_DL_Learn_Spec\Data\CEP_Data\Automatic_Port_Operation\boat_type_classification_dataset\sailboat\99.jpg,C:\Users\marti\OneDrive\Desktop\Horizon Archive\Simplilearn Training Files\C6_DL_Learn_Spec\C6_DL_Learn_Spec\Data\CEP_Data\Automatic_Port_Operation\boat_type_classification_dataset\sailboat\99_it.jpg
C:\Users\marti\OneDrive\Desktop\Horizon Archive\Simplilearn Training Files\C4_Appl_Data_Sci_Py\C4_Appl_Data_Sci_Py\Instr_Slides_NB_Upd\Lesson_04_Working_With_Pandas\Lesson_04_Knowledge_Checks.pdf,C:\Users\marti\OneDrive\Desktop\Horizon Archive\Simplilearn Training Files\C4_Appl_Data_Sci_Py\C4_Appl_Data_Sci_Py\Instr_Slides_NB_Upd\Lesson_04_Working_With_Pandas\L04_KC.pdf
C:\Users\marti\OneDrive\Desktop\Horizon Archive\Simplilearn Training Files\C4_Appl_Data_Sci_Py\C4_Appl_Data_Sci_Py\Instr_Slides_NB_Upd\Lesson_08_Advanced_Statistics\8.01_Advanced_Statistics.ipynb,C:\Users\marti\OneDrive\Desktop\Horizon Archive\Simplilearn Training Files\C4_Appl_Data_Sci_Py\C4_Appl_Data_Sci_Py\Instr_Slides_NB_Upd\Lesson_08_Advanced_Statistics\8.01_Advanced_Stats.ipynb
C:\Users\marti\OneDrive\Desktop\Horizon Archive\Simplilearn Training Files\C4_Appl_Data_Sci_Py\C4_Appl_Data_Sci_Py\Instr_Slides_NB_Upd\Lesson_08_Advanced_Statistics\Lesson_08_Knowledge_Checks.pdf,C:\Users\marti\OneDrive\Desktop\Horizon Archive\Simplilearn Training Files\C4_Appl_Data_Sci_Py\C4_Appl_Data_Sci_Py\Instr_Slides_NB_Upd\Lesson_08_Advanced_Statistics\L08_KC.pdf
C:\Users\marti\OneDrive\Desktop\Horizon Archive\Simplilearn Training Files\C4_Appl_Data_Sci_Py\C4_Appl_Data_Sci_Py\Instr_Slides_NB_Upd\Lesson_10_Feature_Engineering\Lesson_10_Knowledge_Checks.pdf,C:\Users\marti\OneDrive\Desktop\Horizon Archive\Simplilearn Training Files\C4_Appl_Data_Sci_Py\C4_Appl_Data_Sci_Py\Instr_Slides_NB_Upd\Lesson_10_Feature_Engineering\L10_KC.pdf
C:\Users\marti\OneDrive\Desktop\Horizon Archive\Simplilearn Training Files\C5_ML_Learn_Using_Py\C5_ML_Learn_Using_Py\Instr_Slides_NBs\Lesson_03_Supervised_Learning_ Regression_and_its_Application,C:\Users\marti\OneDrive\Desktop\Horizon Archive\Simplilearn Training Files\C5_ML_Learn_Using_Py\C5_ML_Learn_Using_Py\Instr_Slides_NBs\L03_SupL_Regr_its_App
C:\Users\marti\OneDrive\Desktop\Horizon Archive\Simplilearn Training Files\C6_DL_Learn_Spec\C6_DL_Learn_Spec\Data\CEP_Data\Automatic_Port_Operation\boat_type_classification_dataset\gondola\10.jpg,C:\Users\marti\OneDrive\Desktop\Horizon Archive\Simplilearn Training Files\C6_DL_Learn_Spec\C6_DL_Learn_Spec\Data\CEP_Data\Automatic_Port_Operation\boat_type_classification_dataset\gondola\10_it.jpg
C:\Users\marti\OneDrive\Desktop\Horizon Archive\Simplilearn Training Files\C6_DL_Learn_Spec\C6_DL_Learn_Spec\Data\CEP_Data\Automatic_Port_Operation\boat_type_classification_dataset\gondola\11.jpg,C:\Users\marti\OneDrive\Desktop\Horizon Archive\Simplilearn Training Files\C6_DL_Learn_Spec\C6_DL_Learn_Spec\Data\CEP_Data\Automatic_Port_Operation\boat_type_classification_dataset\gondola\11_it.jpg
C:\Users\marti\OneDrive\Desktop\Horizon Archive\Simplilearn Training Files\C6_DL_Learn_Spec\C6_DL_Learn_Spec\Data\CEP_Data\Automatic_Port_Operation\boat_type_classification_dataset\gondola\12.jpg,C:\Users\marti\OneDrive\Desktop\Horizon Archive\Simplilearn Training Files\C6_DL_Learn_Spec\C6_DL_Learn_Spec\Data\CEP_Data\Automatic_Port_Operation\boat_type_classification_dataset\gondola\12_it.jpg
C:\Users\marti\OneDrive\Desktop\Horizon Archive\Simplilearn Training Files\C6_DL_Learn_Spec\C6_DL_Learn_Spec\Data\CEP_Data\Automatic_Port_Operation\boat_type_classification_dataset\gondola\13.jpg,C:\Users\marti\OneDrive\Desktop\Horizon Archive\Simplilearn Training Files\C6_DL_Learn_Spec\C6_DL_Learn_Spec\Data\CEP_Data\Automatic_Port_Operation\boat_type_classification_dataset\gondola\13_it.jpg
C:\Users\marti\OneDrive\Desktop\Horizon Archive\Simplilearn Training Files\C6_DL_Learn_Spec\C6_DL_Learn_Spec\Data\CEP_Data\Automatic_Port_Operation\boat_type_classification_dataset\gondola\14.jpg,C:\Users\marti\OneDrive\Desktop\Horizon Archive\Simplilearn Training Files\C6_DL_Learn_Spec\C6_DL_Learn_Spec\Data\CEP_Data\Automatic_Port_Operation\boat_type_classification_dataset\gondola\14_it.jpg
C:\Users\marti\OneDrive\Desktop\Horizon Archive\Simplilearn Training Files\C6_DL_Learn_Spec\C6_DL_Learn_Spec\Data\CEP_Data\Automatic_Port_Operation\boat_type_classification_dataset\gondola\15.jpg,C:\Users\marti\OneDrive\Desktop\Horizon Archive\Simplilearn Training Files\C6_DL_Learn_Spec\C6_DL_Learn_Spec\Data\CEP_Data\Automatic_Port_Operation\boat_type_classification_dataset\gondola\15_it.jpg
C:\Users\marti\OneDrive\Desktop\Horizon Archive\Simplilearn Training Files\C6_DL_Learn_Spec\C6_DL_Learn_Spec\Data\CEP_Data\Automatic_Port_Operation\boat_type_classification_dataset\gondola\16.jpg,C:\Users\marti\OneDrive\Desktop\Horizon Archive\Simplilearn Training Files\C6_DL_Learn_Spec\C6_DL_Learn_Spec\Data\CEP_Data\Automatic_Port_Operation\boat_type_classification_dataset\gondola\16_it.jpg
C:\Users\marti\OneDrive\Desktop\Horizon Archive\Simplilearn Training Files\C6_DL_Learn_Spec\C6_DL_Learn_Spec\Data\CEP_Data\Automatic_Port_Operation\boat_type_classification_dataset\gondola\17.jpg,C:\Users\marti\OneDrive\Desktop\Horizon Archive\Simplilearn Training Files\C6_DL_Learn_Spec\C6_DL_Learn_Spec\Data\CEP_Data\Automatic_Port_Operation\boat_type_classification_dataset\gondola\17_it.jpg
C:\Users\marti\OneDrive\Desktop\Horizon Archive\Simplilearn Training Files\C6_DL_Learn_Spec\C6_DL_Learn_Spec\Data\CEP_Data\Automatic_Port_Operation\boat_type_classification_dataset\gondola\18.jpg,C:\Users\marti\OneDrive\Desktop\Horizon Archive\Simplilearn Training Files\C6_DL_Learn_Spec\C6_DL_Learn_Spec\Data\CEP_Data\Automatic_Port_Operation\boat_type_classification_dataset\gondola\18_it.jpg
C:\Users\marti\OneDrive\Desktop\Horizon Archive\Simplilearn Training Files\C6_DL_Learn_Spec\C6_DL_Learn_Spec\Data\CEP_Data\Automatic_Port_Operation\boat_type_classification_dataset\gondola\19.jpg,C:\Users\marti\OneDrive\Desktop\Horizon Archive\Simplilearn Training Files\C6_DL_Learn_Spec\C6_DL_Learn_Spec\Data\CEP_Data\Automatic_Port_Operation\boat_type_classification_dataset\gondola\19_it.jpg
C:\Users\marti\OneDrive\Desktop\Horizon Archive\Simplilearn Training Files\C6_DL_Learn_Spec\C6_DL_Learn_Spec\Data\CEP_Data\Automatic_Port_Operation\boat_type_classification_dataset\gondola\20.jpg,C:\Users\marti\OneDrive\Desktop\Horizon Archive\Simplilearn Training Files\C6_DL_Learn_Spec\C6_DL_Learn_Spec\Data\CEP_Data\Automatic_Port_Operation\boat_type_classification_dataset\gondola\20_it.jpg
C:\Users\marti\OneDrive\Desktop\Horizon Archive\Simplilearn Training Files\C6_DL_Learn_Spec\C6_DL_Learn_Spec\Data\CEP_Data\Automatic_Port_Operation\boat_type_classification_dataset\gondola\21.jpg,C:\Users\marti\OneDrive\Desktop\Horizon Archive\Simplilearn Training Files\C6_DL_Learn_Spec\C6_DL_Learn_Spec\Data\CEP_Data\Automatic_Port_Operation\boat_type_classification_dataset\gondola\21_it.jpg
C:\Users\marti\OneDrive\Desktop\Horizon Archive\Simplilearn Training Files\C6_DL_Learn_Spec\C6_DL_Learn_Spec\Data\CEP_Data\Automatic_Port_Operation\boat_type_classification_dataset\gondola\22.jpg,C:\Users\marti\OneDrive\Desktop\Horizon Archive\Simplilearn Training Files\C6_DL_Learn_Spec\C6_DL_Learn_Spec\Data\CEP_Data\Automatic_Port_Operation\boat_type_classification_dataset\gondola\22_it.jpg
C:\Users\marti\OneDrive\Desktop\Horizon Archive\Simplilearn Training Files\C6_DL_Learn_Spec\C6_DL_Learn_Spec\Data\CEP_Data\Automatic_Port_Operation\boat_type_classification_dataset\gondola\23.jpg,C:\Users\marti\OneDrive\Desktop\Horizon Archive\Simplilearn Training Files\C6_DL_Learn_Spec\C6_DL_Learn_Spec\Data\CEP_Data\Automatic_Port_Operation\boat_type_classification_dataset\gondola\23_it.jpg
C:\Users\marti\OneDrive\Desktop\Horizon Archive\Simplilearn Training Files\C6_DL_Learn_Spec\C6_DL_Learn_Spec\Data\CEP_Data\Automatic_Port_Operation\boat_type_classification_dataset\gondola\24.jpg,C:\Users\marti\OneDrive\Desktop\Horizon Archive\Simplilearn Training Files\C6_DL_Learn_Spec\C6_DL_Learn_Spec\Data\CEP_Data\Automatic_Port_Operation\boat_type_classification_dataset\gondola\24_it.jpg
C:\Users\marti\OneDrive\Desktop\Horizon Archive\Simplilearn Training Files\C6_DL_Learn_Spec\C6_DL_Learn_Spec\Data\CEP_Data\Automatic_Port_Operation\boat_type_classification_dataset\gondola\25.jpg,C:\Users\marti\OneDrive\Desktop\Horizon Archive\Simplilearn Training Files\C6_DL_Learn_Spec\C6_DL_Learn_Spec\Data\CEP_Data\Automatic_Port_Operation\boat_type_classification_dataset\gondola\25_it.jpg
C:\Users\marti\OneDrive\Desktop\Horizon Archive\Simplilearn Training Files\C6_DL_Learn_Spec\C6_DL_Learn_Spec\Data\CEP_Data\Automatic_Port_Operation\boat_type_classification_dataset\gondola\26.jpg,C:\Users\marti\OneDrive\Desktop\Horizon Archive\Simplilearn Training Files\C6_DL_Learn_Spec\C6_DL_Learn_Spec\Data\CEP_Data\Automatic_Port_Operation\boat_type_classification_dataset\gondola\26_it.jpg
C:\Users\marti\OneDrive\Desktop\Horizon Archive\Simplilearn Training Files\C6_DL_Learn_Spec\C6_DL_Learn_Spec\Data\CEP_Data\Automatic_Port_Operation\boat_type_classification_dataset\gondola\27.jpg,C:\Users\marti\OneDrive\Desktop\Horizon Archive\Simplilearn Training Files\C6_DL_Learn_Spec\C6_DL_Learn_Spec\Data\CEP_Data\Automatic_Port_Operation\boat_type_classification_dataset\gondola\27_it.jpg
C:\Users\marti\OneDrive\Desktop\Horizon Archive\Simplilearn Training Files\C6_DL_Learn_Spec\C6_DL_Learn_Spec\Data\CEP_Data\Automatic_Port_Operation\boat_type_classification_dataset\gondola\28.jpg,C:\Users\marti\OneDrive\Desktop\Horizon Archive\Simplilearn Training Files\C6_DL_Learn_Spec\C6_DL_Learn_Spec\Data\CEP_Data\Automatic_Port_Operation\boat_type_classification_dataset\gondola\28_it.jpg
C:\Users\marti\OneDrive\Desktop\Horizon Archive\Simplilearn Training Files\C6_DL_Learn_Spec\C6_DL_Learn_Spec\Data\CEP_Data\Automatic_Port_Operation\boat_type_classification_dataset\gondola\29.jpg,C:\Users\marti\OneDrive\Desktop\Horizon Archive\Simplilearn Training Files\C6_DL_Learn_Spec\C6_DL_Learn_Spec\Data\CEP_Data\Automatic_Port_Operation\boat_type_classification_dataset\gondola\29_it.jpg
C:\Users\marti\OneDrive\Desktop\Horizon Archive\Simplilearn Training Files\C6_DL_Learn_Spec\C6_DL_Learn_Spec\Data\CEP_Data\Automatic_Port_Operation\boat_type_classification_dataset\gondola\30.jpg,C:\Users\marti\OneDrive\Desktop\Horizon Archive\Simplilearn Training Files\C6_DL_Learn_Spec\C6_DL_Learn_Spec\Data\CEP_Data\Automatic_Port_Operation\boat_type_classification_dataset\gondola\30_it.jpg
C:\Users\marti\OneDrive\Desktop\Horizon Archive\Simplilearn Training Files\C6_DL_Learn_Spec\C6_DL_Learn_Spec\Data\CEP_Data\Automatic_Port_Operation\boat_type_classification_dataset\gondola\31.jpg,C:\Users\marti\OneDrive\Desktop\Horizon Archive\Simplilearn Training Files\C6_DL_Learn_Spec\C6_DL_Learn_Spec\Data\CEP_Data\Automatic_Port_Operation\boat_type_classification_dataset\gondola\31_it.jpg
C:\Users\marti\OneDrive\Desktop\Horizon Archive\Simplilearn Training Files\C6_DL_Learn_Spec\C6_DL_Learn_Spec\Data\CEP_Data\Automatic_Port_Operation\boat_type_classification_dataset\gondola\32.jpg,C:\Users\marti\OneDrive\Desktop\Horizon Archive\Simplilearn Training Files\C6_DL_Learn_Spec\C6_DL_Learn_Spec\Data\CEP_Data\Automatic_Port_Operation\boat_type_classification_dataset\gondola\32_it.jpg
C:\Users\marti\OneDrive\Desktop\Horizon Archive\Simplilearn Training Files\C6_DL_Learn_Spec\C6_DL_Learn_Spec\Data\CEP_Data\Automatic_Port_Operation\boat_type_classification_dataset\gondola\33.jpg,C:\Users\marti\OneDrive\Desktop\Horizon Archive\Simplilearn Training Files\C6_DL_Learn_Spec\C6_DL_Learn_Spec\Data\CEP_Data\Automatic_Port_Operation\boat_type_classification_dataset\gondola\33_it.jpg
C:\Users\marti\OneDrive\Desktop\Horizon Archive\Simplilearn Training Files\C6_DL_Learn_Spec\C6_DL_Learn_Spec\Data\CEP_Data\Automatic_Port_Operation\boat_type_classification_dataset\gondola\34.jpg,C:\Users\marti\OneDrive\Desktop\Horizon Archive\Simplilearn Training Files\C6_DL_Learn_Spec\C6_DL_Learn_Spec\Data\CEP_Data\Automatic_Port_Operation\boat_type_classification_dataset\gondola\34_it.jpg
C:\Users\marti\OneDrive\Desktop\Horizon Archive\Simplilearn Training Files\C6_DL_Learn_Spec\C6_DL_Learn_Spec\Data\CEP_Data\Automatic_Port_Operation\boat_type_classification_dataset\gondola\35.jpg,C:\Users\marti\OneDrive\Desktop\Horizon Archive\Simplilearn Training Files\C6_DL_Learn_Spec\C6_DL_Learn_Spec\Data\CEP_Data\Automatic_Port_Operation\boat_type_classification_dataset\gondola\35_it.jpg
C:\Users\marti\OneDrive\Desktop\Horizon Archive\Simplilearn Training Files\C6_DL_Learn_Spec\C6_DL_Learn_Spec\Data\CEP_Data\Automatic_Port_Operation\boat_type_classification_dataset\gondola\36.jpg,C:\Users\marti\OneDrive\Desktop\Horizon Archive\Simplilearn Training Files\C6_DL_Learn_Spec\C6_DL_Learn_Spec\Data\CEP_Data\Automatic_Port_Operation\boat_type_classification_dataset\gondola\36_it.jpg
C:\Users\marti\OneDrive\Desktop\Horizon Archive\Simplilearn Training Files\C6_DL_Learn_Spec\C6_DL_Learn_Spec\Data\CEP_Data\Automatic_Port_Operation\boat_type_classification_dataset\gondola\37.jpg,C:\Users\marti\OneDrive\Desktop\Horizon Archive\Simplilearn Training Files\C6_DL_Learn_Spec\C6_DL_Learn_Spec\Data\CEP_Data\Automatic_Port_Operation\boat_type_classification_dataset\gondola\37_it.jpg
C:\Users\marti\OneDrive\Desktop\Horizon Archive\Simplilearn Training Files\C6_DL_Learn_Spec\C6_DL_Learn_Spec\Data\CEP_Data\Automatic_Port_Operation\boat_type_classification_dataset\gondola\38.jpg,C:\Users\marti\OneDrive\Desktop\Horizon Archive\Simplilearn Training Files\C6_DL_Learn_Spec\C6_DL_Learn_Spec\Data\CEP_Data\Automatic_Port_Operation\boat_type_classification_dataset\gondola\38_it.jpg
C:\Users\marti\OneDrive\Desktop\Horizon Archive\Simplilearn Training Files\C6_DL_Learn_Spec\C6_DL_Learn_Spec\Data\CEP_Data\Automatic_Port_Operation\boat_type_classification_dataset\gondola\39.jpg,C:\Users\marti\OneDrive\Desktop\Horizon Archive\Simplilearn Training Files\C6_DL_Learn_Spec\C6_DL_Learn_Spec\Data\CEP_Data\Automatic_Port_Operation\boat_type_classification_dataset\gondola\39_it.jpg
C:\Users\marti\OneDrive\Desktop\Horizon Archive\Simplilearn Training Files\C6_DL_Learn_Spec\C6_DL_Learn_Spec\Data\CEP_Data\Automatic_Port_Operation\boat_type_classification_dataset\gondola\40.jpg,C:\Users\marti\OneDrive\Desktop\Horizon Archive\Simplilearn Training Files\C6_DL_Learn_Spec\C6_DL_Learn_Spec\Data\CEP_Data\Automatic_Port_Operation\boat_type_classification_dataset\gondola\40_it.jpg
C:\Users\marti\OneDrive\Desktop\Horizon Archive\Simplilearn Training Files\C6_DL_Learn_Spec\C6_DL_Learn_Spec\Data\CEP_Data\Automatic_Port_Operation\boat_type_classification_dataset\gondola\41.jpg,C:\Users\marti\OneDrive\Desktop\Horizon Archive\Simplilearn Training Files\C6_DL_Learn_Spec\C6_DL_Learn_Spec\Data\CEP_Data\Automatic_Port_Operation\boat_type_classification_dataset\gondola\41_it.jpg
C:\Users\marti\OneDrive\Desktop\Horizon Archive\Simplilearn Training Files\C6_DL_Learn_Spec\C6_DL_Learn_Spec\Data\CEP_Data\Automatic_Port_Operation\boat_type_classification_dataset\gondola\42.jpg,C:\Users\marti\OneDrive\Desktop\Horizon Archive\Simplilearn Training Files\C6_DL_Learn_Spec\C6_DL_Learn_Spec\Data\CEP_Data\Automatic_Port_Operation\boat_type_classification_dataset\gondola\42_it.jpg
C:\Users\marti\OneDrive\Desktop\Horizon Archive\Simplilearn Training Files\C6_DL_Learn_Spec\C6_DL_Learn_Spec\Data\CEP_Data\Automatic_Port_Operation\boat_type_classification_dataset\gondola\43.jpg,C:\Users\marti\OneDrive\Desktop\Horizon Archive\Simplilearn Training Files\C6_DL_Learn_Spec\C6_DL_Learn_Spec\Data\CEP_Data\Automatic_Port_Operation\boat_type_classification_dataset\gondola\43_it.jpg
C:\Users\marti\OneDrive\Desktop\Horizon Archive\Simplilearn Training Files\C6_DL_Learn_Spec\C6_DL_Learn_Spec\Data\CEP_Data\Automatic_Port_Operation\boat_type_classification_dataset\gondola\44.jpg,C:\Users\marti\OneDrive\Desktop\Horizon Archive\Simplilearn Training Files\C6_DL_Learn_Spec\C6_DL_Learn_Spec\Data\CEP_Data\Automatic_Port_Operation\boat_type_classification_dataset\gondola\44_it.jpg
C:\Users\marti\OneDrive\Desktop\Horizon Archive\Simplilearn Training Files\C6_DL_Learn_Spec\C6_DL_Learn_Spec\Data\CEP_Data\Automatic_Port_Operation\boat_type_classification_dataset\gondola\45.jpg,C:\Users\marti\OneDrive\Desktop\Horizon Archive\Simplilearn Training Files\C6_DL_Learn_Spec\C6_DL_Learn_Spec\Data\CEP_Data\Automatic_Port_Operation\boat_type_classification_dataset\gondola\45_it.jpg
C:\Users\marti\OneDrive\Desktop\Horizon Archive\Simplilearn Training Files\C6_DL_Learn_Spec\C6_DL_Learn_Spec\Data\CEP_Data\Automatic_Port_Operation\boat_type_classification_dataset\gondola\46.jpg,C:\Users\marti\OneDrive\Desktop\Horizon Archive\Simplilearn Training Files\C6_DL_Learn_Spec\C6_DL_Learn_Spec\Data\CEP_Data\Automatic_Port_Operation\boat_type_classification_dataset\gondola\46_it.jpg
C:\Users\marti\OneDrive\Desktop\Horizon Archive\Simplilearn Training Files\C6_DL_Learn_Spec\C6_DL_Learn_Spec\Data\CEP_Data\Automatic_Port_Operation\boat_type_classification_dataset\gondola\47.jpg,C:\Users\marti\OneDrive\Desktop\Horizon Archive\Simplilearn Training Files\C6_DL_Learn_Spec\C6_DL_Learn_Spec\Data\CEP_Data\Automatic_Port_Operation\boat_type_classification_dataset\gondola\47_it.jpg
C:\Users\marti\OneDrive\Desktop\Horizon Archive\Simplilearn Training Files\C6_DL_Learn_Spec\C6_DL_Learn_Spec\Data\CEP_Data\Automatic_Port_Operation\boat_type_classification_dataset\gondola\48.jpg,C:\Users\marti\OneDrive\Desktop\Horizon Archive\Simplilearn Training Files\C6_DL_Learn_Spec\C6_DL_Learn_Spec\Data\CEP_Data\Automatic_Port_Operation\boat_type_classification_dataset\gondola\48_it.jpg
C:\Users\marti\OneDrive\Desktop\Horizon Archive\Simplilearn Training Files\C6_DL_Learn_Spec\C6_DL_Learn_Spec\Data\CEP_Data\Automatic_Port_Operation\boat_type_classification_dataset\gondola\49.jpg,C:\Users\marti\OneDrive\Desktop\Horizon Archive\Simplilearn Training Files\C6_DL_Learn_Spec\C6_DL_Learn_Spec\Data\CEP_Data\Automatic_Port_Operation\boat_type_classification_dataset\gondola\49_it.jpg
C:\Users\marti\OneDrive\Desktop\Horizon Archive\Simplilearn Training Files\C6_DL_Learn_Spec\C6_DL_Learn_Spec\Data\CEP_Data\Automatic_Port_Operation\boat_type_classification_dataset\gondola\50.jpg,C:\Users\marti\OneDrive\Desktop\Horizon Archive\Simplilearn Training Files\C6_DL_Learn_Spec\C6_DL_Learn_Spec\Data\CEP_Data\Automatic_Port_Operation\boat_type_classification_dataset\gondola\50_it.jpg
C:\Users\marti\OneDrive\Desktop\Horizon Archive\Simplilearn Training Files\C6_DL_Learn_Spec\C6_DL_Learn_Spec\Data\CEP_Data\Automatic_Port_Operation\boat_type_classification_dataset\gondola\51.jpg,C:\Users\marti\OneDrive\Desktop\Horizon Archive\Simplilearn Training Files\C6_DL_Learn_Spec\C6_DL_Learn_Spec\Data\CEP_Data\Automatic_Port_Operation\boat_type_classification_dataset\gondola\51_it.jpg
C:\Users\marti\OneDrive\Desktop\Horizon Archive\Simplilearn Training Files\C6_DL_Learn_Spec\C6_DL_Learn_Spec\Data\CEP_Data\Automatic_Port_Operation\boat_type_classification_dataset\gondola\52.jpg,C:\Users\marti\OneDrive\Desktop\Horizon Archive\Simplilearn Training Files\C6_DL_Learn_Spec\C6_DL_Learn_Spec\Data\CEP_Data\Automatic_Port_Operation\boat_type_classification_dataset\gondola\52_it.jpg
C:\Users\marti\OneDrive\Desktop\Horizon Archive\Simplilearn Training Files\C6_DL_Learn_Spec\C6_DL_Learn_Spec\Data\CEP_Data\Automatic_Port_Operation\boat_type_classification_dataset\gondola\53.jpg,C:\Users\marti\OneDrive\Desktop\Horizon Archive\Simplilearn Training Files\C6_DL_Learn_Spec\C6_DL_Learn_Spec\Data\CEP_Data\Automatic_Port_Operation\boat_type_classification_dataset\gondola\53_it.jpg
C:\Users\marti\OneDrive\Desktop\Horizon Archive\Simplilearn Training Files\C6_DL_Learn_Spec\C6_DL_Learn_Spec\Data\CEP_Data\Automatic_Port_Operation\boat_type_classification_dataset\gondola\54.jpg,C:\Users\marti\OneDrive\Desktop\Horizon Archive\Simplilearn Training Files\C6_DL_Learn_Spec\C6_DL_Learn_Spec\Data\CEP_Data\Automatic_Port_Operation\boat_type_classification_dataset\gondola\54_it.jpg
C:\Users\marti\OneDrive\Desktop\Horizon Archive\Simplilearn Training Files\C6_DL_Learn_Spec\C6_DL_Learn_Spec\Data\CEP_Data\Automatic_Port_Operation\boat_type_classification_dataset\gondola\55.jpg,C:\Users\marti\OneDrive\Desktop\Horizon Archive\Simplilearn Training Files\C6_DL_Learn_Spec\C6_DL_Learn_Spec\Data\CEP_Data\Automatic_Port_Operation\boat_type_classification_dataset\gondola\55_it.jpg
C:\Users\marti\OneDrive\Desktop\Horizon Archive\Simplilearn Training Files\C6_DL_Learn_Spec\C6_DL_Learn_Spec\Data\CEP_Data\Automatic_Port_Operation\boat_type_classification_dataset\gondola\56.jpg,C:\Users\marti\OneDrive\Desktop\Horizon Archive\Simplilearn Training Files\C6_DL_Learn_Spec\C6_DL_Learn_Spec\Data\CEP_Data\Automatic_Port_Operation\boat_type_classification_dataset\gondola\56_it.jpg
C:\Users\marti\OneDrive\Desktop\Horizon Archive\Simplilearn Training Files\C6_DL_Learn_Spec\C6_DL_Learn_Spec\Data\CEP_Data\Automatic_Port_Operation\boat_type_classification_dataset\gondola\57.jpg,C:\Users\marti\OneDrive\Desktop\Horizon Archive\Simplilearn Training Files\C6_DL_Learn_Spec\C6_DL_Learn_Spec\Data\CEP_Data\Automatic_Port_Operation\boat_type_classification_dataset\gondola\57_it.jpg
C:\Users\marti\OneDrive\Desktop\Horizon Archive\Simplilearn Training Files\C6_DL_Learn_Spec\C6_DL_Learn_Spec\Data\CEP_Data\Automatic_Port_Operation\boat_type_classification_dataset\gondola\58.jpg,C:\Users\marti\OneDrive\Desktop\Horizon Archive\Simplilearn Training Files\C6_DL_Learn_Spec\C6_DL_Learn_Spec\Data\CEP_Data\Automatic_Port_Operation\boat_type_classification_dataset\gondola\58_it.jpg
C:\Users\marti\OneDrive\Desktop\Horizon Archive\Simplilearn Training Files\C6_DL_Learn_Spec\C6_DL_Learn_Spec\Data\CEP_Data\Automatic_Port_Operation\boat_type_classification_dataset\gondola\59.jpg,C:\Users\marti\OneDrive\Desktop\Horizon Archive\Simplilearn Training Files\C6_DL_Learn_Spec\C6_DL_Learn_Spec\Data\CEP_Data\Automatic_Port_Operation\boat_type_classification_dataset\gondola\59_it.jpg
C:\Users\marti\OneDrive\Desktop\Horizon Archive\Simplilearn Training Files\C6_DL_Learn_Spec\C6_DL_Learn_Spec\Data\CEP_Data\Automatic_Port_Operation\boat_type_classification_dataset\gondola\60.jpg,C:\Users\marti\OneDrive\Desktop\Horizon Archive\Simplilearn Training Files\C6_DL_Learn_Spec\C6_DL_Learn_Spec\Data\CEP_Data\Automatic_Port_Operation\boat_type_classification_dataset\gondola\60_it.jpg
C:\Users\marti\OneDrive\Desktop\Horizon Archive\Simplilearn Training Files\C6_DL_Learn_Spec\C6_DL_Learn_Spec\Data\CEP_Data\Automatic_Port_Operation\boat_type_classification_dataset\gondola\61.jpg,C:\Users\marti\OneDrive\Desktop\Horizon Archive\Simplilearn Training Files\C6_DL_Learn_Spec\C6_DL_Learn_Spec\Data\CEP_Data\Automatic_Port_Operation\boat_type_classification_dataset\gondola\61_it.jpg
C:\Users\marti\OneDrive\Desktop\Horizon Archive\Simplilearn Training Files\C6_DL_Learn_Spec\C6_DL_Learn_Spec\Data\CEP_Data\Automatic_Port_Operation\boat_type_classification_dataset\gondola\62.jpg,C:\Users\marti\OneDrive\Desktop\Horizon Archive\Simplilearn Training Files\C6_DL_Learn_Spec\C6_DL_Learn_Spec\Data\CEP_Data\Automatic_Port_Operation\boat_type_classification_dataset\gondola\62_it.jpg
C:\Users\marti\OneDrive\Desktop\Horizon Archive\Simplilearn Training Files\C6_DL_Learn_Spec\C6_DL_Learn_Spec\Data\CEP_Data\Automatic_Port_Operation\boat_type_classification_dataset\gondola\63.jpg,C:\Users\marti\OneDrive\Desktop\Horizon Archive\Simplilearn Training Files\C6_DL_Learn_Spec\C6_DL_Learn_Spec\Data\CEP_Data\Automatic_Port_Operation\boat_type_classification_dataset\gondola\63_it.jpg
C:\Users\marti\OneDrive\Desktop\Horizon Archive\Simplilearn Training Files\C6_DL_Learn_Spec\C6_DL_Learn_Spec\Data\CEP_Data\Automatic_Port_Operation\boat_type_classification_dataset\gondola\64.jpg,C:\Users\marti\OneDrive\Desktop\Horizon Archive\Simplilearn Training Files\C6_DL_Learn_Spec\C6_DL_Learn_Spec\Data\CEP_Data\Automatic_Port_Operation\boat_type_classification_dataset\gondola\64_it.jpg
C:\Users\marti\OneDrive\Desktop\Horizon Archive\Simplilearn Training Files\C6_DL_Learn_Spec\C6_DL_Learn_Spec\Data\CEP_Data\Automatic_Port_Operation\boat_type_classification_dataset\gondola\65.jpg,C:\Users\marti\OneDrive\Desktop\Horizon Archive\Simplilearn Training Files\C6_DL_Learn_Spec\C6_DL_Learn_Spec\Data\CEP_Data\Automatic_Port_Operation\boat_type_classification_dataset\gondola\65_it.jpg
C:\Users\marti\OneDrive\Desktop\Horizon Archive\Simplilearn Training Files\C6_DL_Learn_Spec\C6_DL_Learn_Spec\Data\CEP_Data\Automatic_Port_Operation\boat_type_classification_dataset\gondola\66.jpg,C:\Users\marti\OneDrive\Desktop\Horizon Archive\Simplilearn Training Files\C6_DL_Learn_Spec\C6_DL_Learn_Spec\Data\CEP_Data\Automatic_Port_Operation\boat_type_classification_dataset\gondola\66_it.jpg
C:\Users\marti\OneDrive\Desktop\Horizon Archive\Simplilearn Training Files\C6_DL_Learn_Spec\C6_DL_Learn_Spec\Data\CEP_Data\Automatic_Port_Operation\boat_type_classification_dataset\gondola\67.jpg,C:\Users\marti\OneDrive\Desktop\Horizon Archive\Simplilearn Training Files\C6_DL_Learn_Spec\C6_DL_Learn_Spec\Data\CEP_Data\Automatic_Port_Operation\boat_type_classification_dataset\gondola\67_it.jpg
C:\Users\marti\OneDrive\Desktop\Horizon Archive\Simplilearn Training Files\C6_DL_Learn_Spec\C6_DL_Learn_Spec\Data\CEP_Data\Automatic_Port_Operation\boat_type_classification_dataset\gondola\68.jpg,C:\Users\marti\OneDrive\Desktop\Horizon Archive\Simplilearn Training Files\C6_DL_Learn_Spec\C6_DL_Learn_Spec\Data\CEP_Data\Automatic_Port_Operation\boat_type_classification_dataset\gondola\68_it.jpg
C:\Users\marti\OneDrive\Desktop\Horizon Archive\Simplilearn Training Files\C6_DL_Learn_Spec\C6_DL_Learn_Spec\Data\CEP_Data\Automatic_Port_Operation\boat_type_classification_dataset\gondola\69.jpg,C:\Users\marti\OneDrive\Desktop\Horizon Archive\Simplilearn Training Files\C6_DL_Learn_Spec\C6_DL_Learn_Spec\Data\CEP_Data\Automatic_Port_Operation\boat_type_classification_dataset\gondola\69_it.jpg
C:\Users\marti\OneDrive\Desktop\Horizon Archive\Simplilearn Training Files\C6_DL_Learn_Spec\C6_DL_Learn_Spec\Data\CEP_Data\Automatic_Port_Operation\boat_type_classification_dataset\gondola\70.jpg,C:\Users\marti\OneDrive\Desktop\Horizon Archive\Simplilearn Training Files\C6_DL_Learn_Spec\C6_DL_Learn_Spec\Data\CEP_Data\Automatic_Port_Operation\boat_type_classification_dataset\gondola\70_it.jpg
C:\Users\marti\OneDrive\Desktop\Horizon Archive\Simplilearn Training Files\C6_DL_Learn_Spec\C6_DL_Learn_Spec\Data\CEP_Data\Automatic_Port_Operation\boat_type_classification_dataset\gondola\71.jpg,C:\Users\marti\OneDrive\Desktop\Horizon Archive\Simplilearn Training Files\C6_DL_Learn_Spec\C6_DL_Learn_Spec\Data\CEP_Data\Automatic_Port_Operation\boat_type_classification_dataset\gondola\71_it.jpg
C:\Users\marti\OneDrive\Desktop\Horizon Archive\Simplilearn Training Files\C6_DL_Learn_Spec\C6_DL_Learn_Spec\Data\CEP_Data\Automatic_Port_Operation\boat_type_classification_dataset\gondola\72.jpg,C:\Users\marti\OneDrive\Desktop\Horizon Archive\Simplilearn Training Files\C6_DL_Learn_Spec\C6_DL_Learn_Spec\Data\CEP_Data\Automatic_Port_Operation\boat_type_classification_dataset\gondola\72_it.jpg
C:\Users\marti\OneDrive\Desktop\Horizon Archive\Simplilearn Training Files\C6_DL_Learn_Spec\C6_DL_Learn_Spec\Data\CEP_Data\Automatic_Port_Operation\boat_type_classification_dataset\gondola\73.jpg,C:\Users\marti\OneDrive\Desktop\Horizon Archive\Simplilearn Training Files\C6_DL_Learn_Spec\C6_DL_Learn_Spec\Data\CEP_Data\Automatic_Port_Operation\boat_type_classification_dataset\gondola\73_it.jpg
C:\Users\marti\OneDrive\Desktop\Horizon Archive\Simplilearn Training Files\C6_DL_Learn_Spec\C6_DL_Learn_Spec\Data\CEP_Data\Automatic_Port_Operation\boat_type_classification_dataset\gondola\74.jpg,C:\Users\marti\OneDrive\Desktop\Horizon Archive\Simplilearn Training Files\C6_DL_Learn_Spec\C6_DL_Learn_Spec\Data\CEP_Data\Automatic_Port_Operation\boat_type_classification_dataset\gondola\74_it.jpg
C:\Users\marti\OneDrive\Desktop\Horizon Archive\Simplilearn Training Files\C6_DL_Learn_Spec\C6_DL_Learn_Spec\Data\CEP_Data\Automatic_Port_Operation\boat_type_classification_dataset\gondola\75.jpg,C:\Users\marti\OneDrive\Desktop\Horizon Archive\Simplilearn Training Files\C6_DL_Learn_Spec\C6_DL_Learn_Spec\Data\CEP_Data\Automatic_Port_Operation\boat_type_classification_dataset\gondola\75_it.jpg
C:\Users\marti\OneDrive\Desktop\Horizon Archive\Simplilearn Training Files\C6_DL_Learn_Spec\C6_DL_Learn_Spec\Data\CEP_Data\Automatic_Port_Operation\boat_type_classification_dataset\gondola\76.jpg,C:\Users\marti\OneDrive\Desktop\Horizon Archive\Simplilearn Training Files\C6_DL_Learn_Spec\C6_DL_Learn_Spec\Data\CEP_Data\Automatic_Port_Operation\boat_type_classification_dataset\gondola\76_it.jpg
C:\Users\marti\OneDrive\Desktop\Horizon Archive\Simplilearn Training Files\C6_DL_Learn_Spec\C6_DL_Learn_Spec\Data\CEP_Data\Automatic_Port_Operation\boat_type_classification_dataset\gondola\77.jpg,C:\Users\marti\OneDrive\Desktop\Horizon Archive\Simplilearn Training Files\C6_DL_Learn_Spec\C6_DL_Learn_Spec\Data\CEP_Data\Automatic_Port_Operation\boat_type_classification_dataset\gondola\77_it.jpg
C:\Users\marti\OneDrive\Desktop\Horizon Archive\Simplilearn Training Files\C6_DL_Learn_Spec\C6_DL_Learn_Spec\Data\CEP_Data\Automatic_Port_Operation\boat_type_classification_dataset\gondola\78.jpg,C:\Users\marti\OneDrive\Desktop\Horizon Archive\Simplilearn Training Files\C6_DL_Learn_Spec\C6_DL_Learn_Spec\Data\CEP_Data\Automatic_Port_Operation\boat_type_classification_dataset\gondola\78_it.jpg
C:\Users\marti\OneDrive\Desktop\Horizon Archive\Simplilearn Training Files\C6_DL_Learn_Spec\C6_DL_Learn_Spec\Data\CEP_Data\Automatic_Port_Operation\boat_type_classification_dataset\gondola\79.jpg,C:\Users\marti\OneDrive\Desktop\Horizon Archive\Simplilearn Training Files\C6_DL_Learn_Spec\C6_DL_Learn_Spec\Data\CEP_Data\Automatic_Port_Operation\boat_type_classification_dataset\gondola\79_it.jpg
C:\Users\marti\OneDrive\Desktop\Horizon Archive\Simplilearn Training Files\C6_DL_Learn_Spec\C6_DL_Learn_Spec\Data\CEP_Data\Automatic_Port_Operation\boat_type_classification_dataset\gondola\80.jpg,C:\Users\marti\OneDrive\Desktop\Horizon Archive\Simplilearn Training Files\C6_DL_Learn_Spec\C6_DL_Learn_Spec\Data\CEP_Data\Automatic_Port_Operation\boat_type_classification_dataset\gondola\80_it.jpg
C:\Users\marti\OneDrive\Desktop\Horizon Archive\Simplilearn Training Files\C6_DL_Learn_Spec\C6_DL_Learn_Spec\Data\CEP_Data\Automatic_Port_Operation\boat_type_classification_dataset\gondola\81.jpg,C:\Users\marti\OneDrive\Desktop\Horizon Archive\Simplilearn Training Files\C6_DL_Learn_Spec\C6_DL_Learn_Spec\Data\CEP_Data\Automatic_Port_Operation\boat_type_classification_dataset\gondola\81_it.jpg
C:\Users\marti\OneDrive\Desktop\Horizon Archive\Simplilearn Training Files\C6_DL_Learn_Spec\C6_DL_Learn_Spec\Data\CEP_Data\Automatic_Port_Operation\boat_type_classification_dataset\gondola\82.jpg,C:\Users\marti\OneDrive\Desktop\Horizon Archive\Simplilearn Training Files\C6_DL_Learn_Spec\C6_DL_Learn_Spec\Data\CEP_Data\Automatic_Port_Operation\boat_type_classification_dataset\gondola\82_it.jpg
C:\Users\marti\OneDrive\Desktop\Horizon Archive\Simplilearn Training Files\C6_DL_Learn_Spec\C6_DL_Learn_Spec\Data\CEP_Data\Automatic_Port_Operation\boat_type_classification_dataset\gondola\83.jpg,C:\Users\marti\OneDrive\Desktop\Horizon Archive\Simplilearn Training Files\C6_DL_Learn_Spec\C6_DL_Learn_Spec\Data\CEP_Data\Automatic_Port_Operation\boat_type_classification_dataset\gondola\83_it.jpg
C:\Users\marti\OneDrive\Desktop\Horizon Archive\Simplilearn Training Files\C6_DL_Learn_Spec\C6_DL_Learn_Spec\Data\CEP_Data\Automatic_Port_Operation\boat_type_classification_dataset\gondola\84.jpg,C:\Users\marti\OneDrive\Desktop\Horizon Archive\Simplilearn Training Files\C6_DL_Learn_Spec\C6_DL_Learn_Spec\Data\CEP_Data\Automatic_Port_Operation\boat_type_classification_dataset\gondola\84_it.jpg
C:\Users\marti\OneDrive\Desktop\Horizon Archive\Simplilearn Training Files\C6_DL_Learn_Spec\C6_DL_Learn_Spec\Data\CEP_Data\Automatic_Port_Operation\boat_type_classification_dataset\gondola\85.jpg,C:\Users\marti\OneDrive\Desktop\Horizon Archive\Simplilearn Training Files\C6_DL_Learn_Spec\C6_DL_Learn_Spec\Data\CEP_Data\Automatic_Port_Operation\boat_type_classification_dataset\gondola\85_it.jpg
C:\Users\marti\OneDrive\Desktop\Horizon Archive\Simplilearn Training Files\C6_DL_Learn_Spec\C6_DL_Learn_Spec\Data\CEP_Data\Automatic_Port_Operation\boat_type_classification_dataset\gondola\86.jpg,C:\Users\marti\OneDrive\Desktop\Horizon Archive\Simplilearn Training Files\C6_DL_Learn_Spec\C6_DL_Learn_Spec\Data\CEP_Data\Automatic_Port_Operation\boat_type_classification_dataset\gondola\86_it.jpg
C:\Users\marti\OneDrive\Desktop\Horizon Archive\Simplilearn Training Files\C6_DL_Learn_Spec\C6_DL_Learn_Spec\Data\CEP_Data\Automatic_Port_Operation\boat_type_classification_dataset\gondola\87.jpg,C:\Users\marti\OneDrive\Desktop\Horizon Archive\Simplilearn Training Files\C6_DL_Learn_Spec\C6_DL_Learn_Spec\Data\CEP_Data\Automatic_Port_Operation\boat_type_classification_dataset\gondola\87_it.jpg
C:\Users\marti\OneDrive\Desktop\Horizon Archive\Simplilearn Training Files\C6_DL_Learn_Spec\C6_DL_Learn_Spec\Data\CEP_Data\Automatic_Port_Operation\boat_type_classification_dataset\gondola\88.jpg,C:\Users\marti\OneDrive\Desktop\Horizon Archive\Simplilearn Training Files\C6_DL_Learn_Spec\C6_DL_Learn_Spec\Data\CEP_Data\Automatic_Port_Operation\boat_type_classification_dataset\gondola\88_it.jpg
C:\Users\marti\OneDrive\Desktop\Horizon Archive\Simplilearn Training Files\C6_DL_Learn_Spec\C6_DL_Learn_Spec\Data\CEP_Data\Automatic_Port_Operation\boat_type_classification_dataset\gondola\89.jpg,C:\Users\marti\OneDrive\Desktop\Horizon Archive\Simplilearn Training Files\C6_DL_Learn_Spec\C6_DL_Learn_Spec\Data\CEP_Data\Automatic_Port_Operation\boat_type_classification_dataset\gondola\89_it.jpg
C:\Users\marti\OneDrive\Desktop\Horizon Archive\Simplilearn Training Files\C6_DL_Learn_Spec\C6_DL_Learn_Spec\Data\CEP_Data\Automatic_Port_Operation\boat_type_classification_dataset\gondola\90.jpg,C:\Users\marti\OneDrive\Desktop\Horizon Archive\Simplilearn Training Files\C6_DL_Learn_Spec\C6_DL_Learn_Spec\Data\CEP_Data\Automatic_Port_Operation\boat_type_classification_dataset\gondola\90_it.jpg
C:\Users\marti\OneDrive\Desktop\Horizon Archive\Simplilearn Training Files\C6_DL_Learn_Spec\C6_DL_Learn_Spec\Data\CEP_Data\Automatic_Port_Operation\boat_type_classification_dataset\gondola\91.jpg,C:\Users\marti\OneDrive\Desktop\Horizon Archive\Simplilearn Training Files\C6_DL_Learn_Spec\C6_DL_Learn_Spec\Data\CEP_Data\Automatic_Port_Operation\boat_type_classification_dataset\gondola\91_it.jpg
C:\Users\marti\OneDrive\Desktop\Horizon Archive\Simplilearn Training Files\C6_DL_Learn_Spec\C6_DL_Learn_Spec\Data\CEP_Data\Automatic_Port_Operation\boat_type_classification_dataset\gondola\92.jpg,C:\Users\marti\OneDrive\Desktop\Horizon Archive\Simplilearn Training Files\C6_DL_Learn_Spec\C6_DL_Learn_Spec\Data\CEP_Data\Automatic_Port_Operation\boat_type_classification_dataset\gondola\92_it.jpg
C:\Users\marti\OneDrive\Desktop\Horizon Archive\Simplilearn Training Files\C6_DL_Learn_Spec\C6_DL_Learn_Spec\Data\CEP_Data\Automatic_Port_Operation\boat_type_classification_dataset\gondola\93.jpg,C:\Users\marti\OneDrive\Desktop\Horizon Archive\Simplilearn Training Files\C6_DL_Learn_Spec\C6_DL_Learn_Spec\Data\CEP_Data\Automatic_Port_Operation\boat_type_classification_dataset\gondola\93_it.jpg
C:\Users\marti\OneDrive\Desktop\Horizon Archive\Simplilearn Training Files\C6_DL_Learn_Spec\C6_DL_Learn_Spec\Data\CEP_Data\Automatic_Port_Operation\boat_type_classification_dataset\gondola\94.jpg,C:\Users\marti\OneDrive\Desktop\Horizon Archive\Simplilearn Training Files\C6_DL_Learn_Spec\C6_DL_Learn_Spec\Data\CEP_Data\Automatic_Port_Operation\boat_type_classification_dataset\gondola\94_it.jpg
C:\Users\marti\OneDrive\Desktop\Horizon Archive\Simplilearn Training Files\C6_DL_Learn_Spec\C6_DL_Learn_Spec\Data\CEP_Data\Automatic_Port_Operation\boat_type_classification_dataset\gondola\95.jpg,C:\Users\marti\OneDrive\Desktop\Horizon Archive\Simplilearn Training Files\C6_DL_Learn_Spec\C6_DL_Learn_Spec\Data\CEP_Data\Automatic_Port_Operation\boat_type_classification_dataset\gondola\95_it.jpg
C:\Users\marti\OneDrive\Desktop\Horizon Archive\Simplilearn Training Files\C6_DL_Learn_Spec\C6_DL_Learn_Spec\Data\CEP_Data\Automatic_Port_Operation\boat_type_classification_dataset\gondola\96.jpg,C:\Users\marti\OneDrive\Desktop\Horizon Archive\Simplilearn Training Files\C6_DL_Learn_Spec\C6_DL_Learn_Spec\Data\CEP_Data\Automatic_Port_Operation\boat_type_classification_dataset\gondola\96_it.jpg
C:\Users\marti\OneDrive\Desktop\Horizon Archive\Simplilearn Training Files\C6_DL_Learn_Spec\C6_DL_Learn_Spec\Data\CEP_Data\Automatic_Port_Operation\boat_type_classification_dataset\gondola\97.jpg,C:\Users\marti\OneDrive\Desktop\Horizon Archive\Simplilearn Training Files\C6_DL_Learn_Spec\C6_DL_Learn_Spec\Data\CEP_Data\Automatic_Port_Operation\boat_type_classification_dataset\gondola\97_it.jpg
C:\Users\marti\OneDrive\Desktop\Horizon Archive\Simplilearn Training Files\C6_DL_Learn_Spec\C6_DL_Learn_Spec\Data\CEP_Data\Automatic_Port_Operation\boat_type_classification_dataset\gondola\98.jpg,C:\Users\marti\OneDrive\Desktop\Horizon Archive\Simplilearn Training Files\C6_DL_Learn_Spec\C6_DL_Learn_Spec\Data\CEP_Data\Automatic_Port_Operation\boat_type_classification_dataset\gondola\98_it.jpg
C:\Users\marti\OneDrive\Desktop\Horizon Archive\Simplilearn Training Files\C6_DL_Learn_Spec\C6_DL_Learn_Spec\Data\CEP_Data\Automatic_Port_Operation\boat_type_classification_dataset\gondola\99.jpg,C:\Users\marti\OneDrive\Desktop\Horizon Archive\Simplilearn Training Files\C6_DL_Learn_Spec\C6_DL_Learn_Spec\Data\CEP_Data\Automatic_Port_Operation\boat_type_classification_dataset\gondola\99_it.jpg
C:\Users\marti\OneDrive\Desktop\Horizon Archive\Simplilearn Training Files\C6_DL_Learn_Spec\C6_DL_Learn_Spec\Data\CEP_Data\Automatic_Port_Operation\boat_type_classification_dataset\sailboat\1.jpg,C:\Users\marti\OneDrive\Desktop\Horizon Archive\Simplilearn Training Files\C6_DL_Learn_Spec\C6_DL_Learn_Spec\Data\CEP_Data\Automatic_Port_Operation\boat_type_classification_dataset\sailboat\1_it.jpg
C:\Users\marti\OneDrive\Desktop\Horizon Archive\Simplilearn Training Files\C6_DL_Learn_Spec\C6_DL_Learn_Spec\Data\CEP_Data\Automatic_Port_Operation\boat_type_classification_dataset\sailboat\2.jpg,C:\Users\marti\OneDrive\Desktop\Horizon Archive\Simplilearn Training Files\C6_DL_Learn_Spec\C6_DL_Learn_Spec\Data\CEP_Data\Automatic_Port_Operation\boat_type_classification_dataset\sailboat\2_it.jpg
C:\Users\marti\OneDrive\Desktop\Horizon Archive\Simplilearn Training Files\C6_DL_Learn_Spec\C6_DL_Learn_Spec\Data\CEP_Data\Automatic_Port_Operation\boat_type_classification_dataset\sailboat\3.jpg,C:\Users\marti\OneDrive\Desktop\Horizon Archive\Simplilearn Training Files\C6_DL_Learn_Spec\C6_DL_Learn_Spec\Data\CEP_Data\Automatic_Port_Operation\boat_type_classification_dataset\sailboat\3_it.jpg
C:\Users\marti\OneDrive\Desktop\Horizon Archive\Simplilearn Training Files\C6_DL_Learn_Spec\C6_DL_Learn_Spec\Data\CEP_Data\Automatic_Port_Operation\boat_type_classification_dataset\sailboat\4.jpg,C:\Users\marti\OneDrive\Desktop\Horizon Archive\Simplilearn Training Files\C6_DL_Learn_Spec\C6_DL_Learn_Spec\Data\CEP_Data\Automatic_Port_Operation\boat_type_classification_dataset\sailboat\4_it.jpg
C:\Users\marti\OneDrive\Desktop\Horizon Archive\Simplilearn Training Files\C6_DL_Learn_Spec\C6_DL_Learn_Spec\Data\CEP_Data\Automatic_Port_Operation\boat_type_classification_dataset\sailboat\5.jpg,C:\Users\marti\OneDrive\Desktop\Horizon Archive\Simplilearn Training Files\C6_DL_Learn_Spec\C6_DL_Learn_Spec\Data\CEP_Data\Automatic_Port_Operation\boat_type_classification_dataset\sailboat\5_it.jpg
C:\Users\marti\OneDrive\Desktop\Horizon Archive\Simplilearn Training Files\C6_DL_Learn_Spec\C6_DL_Learn_Spec\Data\CEP_Data\Automatic_Port_Operation\boat_type_classification_dataset\sailboat\6.jpg,C:\Users\marti\OneDrive\Desktop\Horizon Archive\Simplilearn Training Files\C6_DL_Learn_Spec\C6_DL_Learn_Spec\Data\CEP_Data\Automatic_Port_Operation\boat_type_classification_dataset\sailboat\6_it.jpg
C:\Users\marti\OneDrive\Desktop\Horizon Archive\Simplilearn Training Files\C6_DL_Learn_Spec\C6_DL_Learn_Spec\Data\CEP_Data\Automatic_Port_Operation\boat_type_classification_dataset\sailboat\7.jpg,C:\Users\marti\OneDrive\Desktop\Horizon Archive\Simplilearn Training Files\C6_DL_Learn_Spec\C6_DL_Learn_Spec\Data\CEP_Data\Automatic_Port_Operation\boat_type_classification_dataset\sailboat\7_it.jpg
C:\Users\marti\OneDrive\Desktop\Horizon Archive\Simplilearn Training Files\C6_DL_Learn_Spec\C6_DL_Learn_Spec\Data\CEP_Data\Automatic_Port_Operation\boat_type_classification_dataset\sailboat\8.jpg,C:\Users\marti\OneDrive\Desktop\Horizon Archive\Simplilearn Training Files\C6_DL_Learn_Spec\C6_DL_Learn_Spec\Data\CEP_Data\Automatic_Port_Operation\boat_type_classification_dataset\sailboat\8_it.jpg
C:\Users\marti\OneDrive\Desktop\Horizon Archive\Simplilearn Training Files\C6_DL_Learn_Spec\C6_DL_Learn_Spec\Data\CEP_Data\Automatic_Port_Operation\boat_type_classification_dataset\sailboat\9.jpg,C:\Users\marti\OneDrive\Desktop\Horizon Archive\Simplilearn Training Files\C6_DL_Learn_Spec\C6_DL_Learn_Spec\Data\CEP_Data\Automatic_Port_Operation\boat_type_classification_dataset\sailboat\9_it.jpg
C:\Users\marti\OneDrive\Desktop\Horizon Archive\Simplilearn Training Files\C6_DL_Learn_Spec\C6_DL_Learn_Spec\Instr_Slides_NB\L11_Rec_Neural_Net\11.11_Video_Classification_Using_Hybrid_Model.ipynb,C:\Users\marti\OneDrive\Desktop\Horizon Archive\Simplilearn Training Files\C6_DL_Learn_Spec\C6_DL_Learn_Spec\Instr_Slides_NB\L11_Rec_Neural_Net\11.11_Vide_Clas_Usin_Hybr_Mo.ipynb
C:\Users\marti\OneDrive\Desktop\Horizon Archive\Simplilearn Training Files\C4_Appl_Data_Sci_Py\C4_Appl_Data_Sci_Py\Instr_Slides_NB_Upd\Lesson_05_Data_Visualization\Lesson_05_Knowledge_Checks.pdf,C:\Users\marti\OneDrive\Desktop\Horizon Archive\Simplilearn Training Files\C4_Appl_Data_Sci_Py\C4_Appl_Data_Sci_Py\Instr_Slides_NB_Upd\Lesson_05_Data_Visualization\L05_KC.pdf
C:\Users\marti\OneDrive\Desktop\Horizon Archive\Simplilearn Training Files\C6_DL_Learn_Spec\C6_DL_Learn_Spec\Data\CEP_Data\Automatic_Port_Operation\boat_type_classification_dataset\gondola\1.jpg,C:\Users\marti\OneDrive\Desktop\Horizon Archive\Simplilearn Training Files\C6_DL_Learn_Spec\C6_DL_Learn_Spec\Data\CEP_Data\Automatic_Port_Operation\boat_type_classification_dataset\gondola\1_it.jpg
C:\Users\marti\OneDrive\Desktop\Horizon Archive\Simplilearn Training Files\C6_DL_Learn_Spec\C6_DL_Learn_Spec\Data\CEP_Data\Automatic_Port_Operation\boat_type_classification_dataset\gondola\2.jpg,C:\Users\marti\OneDrive\Desktop\Horizon Archive\Simplilearn Training Files\C6_DL_Learn_Spec\C6_DL_Learn_Spec\Data\CEP_Data\Automatic_Port_Operation\boat_type_classification_dataset\gondola\2_it.jpg
C:\Users\marti\OneDrive\Desktop\Horizon Archive\Simplilearn Training Files\C6_DL_Learn_Spec\C6_DL_Learn_Spec\Data\CEP_Data\Automatic_Port_Operation\boat_type_classification_dataset\gondola\3.jpg,C:\Users\marti\OneDrive\Desktop\Horizon Archive\Simplilearn Training Files\C6_DL_Learn_Spec\C6_DL_Learn_Spec\Data\CEP_Data\Automatic_Port_Operation\boat_type_classification_dataset\gondola\3_it.jpg
C:\Users\marti\OneDrive\Desktop\Horizon Archive\Simplilearn Training Files\C6_DL_Learn_Spec\C6_DL_Learn_Spec\Data\CEP_Data\Automatic_Port_Operation\boat_type_classification_dataset\gondola\4.jpg,C:\Users\marti\OneDrive\Desktop\Horizon Archive\Simplilearn Training Files\C6_DL_Learn_Spec\C6_DL_Learn_Spec\Data\CEP_Data\Automatic_Port_Operation\boat_type_classification_dataset\gondola\4_it.jpg
C:\Users\marti\OneDrive\Desktop\Horizon Archive\Simplilearn Training Files\C6_DL_Learn_Spec\C6_DL_Learn_Spec\Data\CEP_Data\Automatic_Port_Operation\boat_type_classification_dataset\gondola\5.jpg,C:\Users\marti\OneDrive\Desktop\Horizon Archive\Simplilearn Training Files\C6_DL_Learn_Spec\C6_DL_Learn_Spec\Data\CEP_Data\Automatic_Port_Operation\boat_type_classification_dataset\gondola\5_it.jpg
C:\Users\marti\OneDrive\Desktop\Horizon Archive\Simplilearn Training Files\C6_DL_Learn_Spec\C6_DL_Learn_Spec\Data\CEP_Data\Automatic_Port_Operation\boat_type_classification_dataset\gondola\6.jpg,C:\Users\marti\OneDrive\Desktop\Horizon Archive\Simplilearn Training Files\C6_DL_Learn_Spec\C6_DL_Learn_Spec\Data\CEP_Data\Automatic_Port_Operation\boat_type_classification_dataset\gondola\6_it.jpg
C:\Users\marti\OneDrive\Desktop\Horizon Archive\Simplilearn Training Files\C6_DL_Learn_Spec\C6_DL_Learn_Spec\Data\CEP_Data\Automatic_Port_Operation\boat_type_classification_dataset\gondola\7.jpg,C:\Users\marti\OneDrive\Desktop\Horizon Archive\Simplilearn Training Files\C6_DL_Learn_Spec\C6_DL_Learn_Spec\Data\CEP_Data\Automatic_Port_Operation\boat_type_classification_dataset\gondola\7_it.jpg
C:\Users\marti\OneDrive\Desktop\Horizon Archive\Simplilearn Training Files\C6_DL_Learn_Spec\C6_DL_Learn_Spec\Data\CEP_Data\Automatic_Port_Operation\boat_type_classification_dataset\gondola\8.jpg,C:\Users\marti\OneDrive\Desktop\Horizon Archive\Simplilearn Training Files\C6_DL_Learn_Spec\C6_DL_Learn_Spec\Data\CEP_Data\Automatic_Port_Operation\boat_type_classification_dataset\gondola\8_it.jpg
C:\Users\marti\OneDrive\Desktop\Horizon Archive\Simplilearn Training Files\C6_DL_Learn_Spec\C6_DL_Learn_Spec\Data\CEP_Data\Automatic_Port_Operation\boat_type_classification_dataset\gondola\9.jpg,C:\Users\marti\OneDrive\Desktop\Horizon Archive\Simplilearn Training Files\C6_DL_Learn_Spec\C6_DL_Learn_Spec\Data\CEP_Data\Automatic_Port_Operation\boat_type_classification_dataset\gondola\9_it.jpg
C:\Users\marti\OneDrive\Desktop\Horizon Archive\Simplilearn Training Files\C6_DL_Learn_Spec\C6_DL_Learn_Spec\Instr_Slides_NB\L03_Artif_Neural_Net\3.04_Perceptron_Based_Classification_Model.ipynb,C:\Users\marti\OneDrive\Desktop\Horizon Archive\Simplilearn Training Files\C6_DL_Learn_Spec\C6_DL_Learn_Spec\Instr_Slides_NB\L03_Artif_Neural_Net\3.04_Perc_Base_Clas_Mode.ipynb
C:\Users\marti\OneDrive\Desktop\Horizon Archive\Simplilearn Training Files\C6_DL_Learn_Spec\C6_DL_Learn_Spec\Data\CEP_Data\Automatic_Port_Operation\boat_type_classification_dataset\kayak\10.jpg,C:\Users\marti\OneDrive\Desktop\Horizon Archive\Simplilearn Training Files\C6_DL_Learn_Spec\C6_DL_Learn_Spec\Data\CEP_Data\Automatic_Port_Operation\boat_type_classification_dataset\kayak\10_it.jpg
C:\Users\marti\OneDrive\Desktop\Horizon Archive\Simplilearn Training Files\C6_DL_Learn_Spec\C6_DL_Learn_Spec\Data\CEP_Data\Automatic_Port_Operation\boat_type_classification_dataset\kayak\11.jpg,C:\Users\marti\OneDrive\Desktop\Horizon Archive\Simplilearn Training Files\C6_DL_Learn_Spec\C6_DL_Learn_Spec\Data\CEP_Data\Automatic_Port_Operation\boat_type_classification_dataset\kayak\11_it.jpg
C:\Users\marti\OneDrive\Desktop\Horizon Archive\Simplilearn Training Files\C6_DL_Learn_Spec\C6_DL_Learn_Spec\Data\CEP_Data\Automatic_Port_Operation\boat_type_classification_dataset\kayak\12.jpg,C:\Users\marti\OneDrive\Desktop\Horizon Archive\Simplilearn Training Files\C6_DL_Learn_Spec\C6_DL_Learn_Spec\Data\CEP_Data\Automatic_Port_Operation\boat_type_classification_dataset\kayak\12_it.jpg
C:\Users\marti\OneDrive\Desktop\Horizon Archive\Simplilearn Training Files\C6_DL_Learn_Spec\C6_DL_Learn_Spec\Data\CEP_Data\Automatic_Port_Operation\boat_type_classification_dataset\kayak\13.jpg,C:\Users\marti\OneDrive\Desktop\Horizon Archive\Simplilearn Training Files\C6_DL_Learn_Spec\C6_DL_Learn_Spec\Data\CEP_Data\Automatic_Port_Operation\boat_type_classification_dataset\kayak\13_it.jpg
C:\Users\marti\OneDrive\Desktop\Horizon Archive\Simplilearn Training Files\C6_DL_Learn_Spec\C6_DL_Learn_Spec\Data\CEP_Data\Automatic_Port_Operation\boat_type_classification_dataset\kayak\14.jpg,C:\Users\marti\OneDrive\Desktop\Horizon Archive\Simplilearn Training Files\C6_DL_Learn_Spec\C6_DL_Learn_Spec\Data\CEP_Data\Automatic_Port_Operation\boat_type_classification_dataset\kayak\14_it.jpg
C:\Users\marti\OneDrive\Desktop\Horizon Archive\Simplilearn Training Files\C6_DL_Learn_Spec\C6_DL_Learn_Spec\Data\CEP_Data\Automatic_Port_Operation\boat_type_classification_dataset\kayak\15.jpg,C:\Users\marti\OneDrive\Desktop\Horizon Archive\Simplilearn Training Files\C6_DL_Learn_Spec\C6_DL_Learn_Spec\Data\CEP_Data\Automatic_Port_Operation\boat_type_classification_dataset\kayak\15_it.jpg
C:\Users\marti\OneDrive\Desktop\Horizon Archive\Simplilearn Training Files\C6_DL_Learn_Spec\C6_DL_Learn_Spec\Data\CEP_Data\Automatic_Port_Operation\boat_type_classification_dataset\kayak\16.jpg,C:\Users\marti\OneDrive\Desktop\Horizon Archive\Simplilearn Training Files\C6_DL_Learn_Spec\C6_DL_Learn_Spec\Data\CEP_Data\Automatic_Port_Operation\boat_type_classification_dataset\kayak\16_it.jpg
C:\Users\marti\OneDrive\Desktop\Horizon Archive\Simplilearn Training Files\C6_DL_Learn_Spec\C6_DL_Learn_Spec\Data\CEP_Data\Automatic_Port_Operation\boat_type_classification_dataset\kayak\17.jpg,C:\Users\marti\OneDrive\Desktop\Horizon Archive\Simplilearn Training Files\C6_DL_Learn_Spec\C6_DL_Learn_Spec\Data\CEP_Data\Automatic_Port_Operation\boat_type_classification_dataset\kayak\17_it.jpg
C:\Users\marti\OneDrive\Desktop\Horizon Archive\Simplilearn Training Files\C6_DL_Learn_Spec\C6_DL_Learn_Spec\Data\CEP_Data\Automatic_Port_Operation\boat_type_classification_dataset\kayak\18.jpg,C:\Users\marti\OneDrive\Desktop\Horizon Archive\Simplilearn Training Files\C6_DL_Learn_Spec\C6_DL_Learn_Spec\Data\CEP_Data\Automatic_Port_Operation\boat_type_classification_dataset\kayak\18_it.jpg
C:\Users\marti\OneDrive\Desktop\Horizon Archive\Simplilearn Training Files\C6_DL_Learn_Spec\C6_DL_Learn_Spec\Data\CEP_Data\Automatic_Port_Operation\boat_type_classification_dataset\kayak\19.jpg,C:\Users\marti\OneDrive\Desktop\Horizon Archive\Simplilearn Training Files\C6_DL_Learn_Spec\C6_DL_Learn_Spec\Data\CEP_Data\Automatic_Port_Operation\boat_type_classification_dataset\kayak\19_it.jpg
C:\Users\marti\OneDrive\Desktop\Horizon Archive\Simplilearn Training Files\C6_DL_Learn_Spec\C6_DL_Learn_Spec\Data\CEP_Data\Automatic_Port_Operation\boat_type_classification_dataset\kayak\20.jpg,C:\Users\marti\OneDrive\Desktop\Horizon Archive\Simplilearn Training Files\C6_DL_Learn_Spec\C6_DL_Learn_Spec\Data\CEP_Data\Automatic_Port_Operation\boat_type_classification_dataset\kayak\20_it.jpg
C:\Users\marti\OneDrive\Desktop\Horizon Archive\Simplilearn Training Files\C6_DL_Learn_Spec\C6_DL_Learn_Spec\Data\CEP_Data\Automatic_Port_Operation\boat_type_classification_dataset\kayak\21.jpg,C:\Users\marti\OneDrive\Desktop\Horizon Archive\Simplilearn Training Files\C6_DL_Learn_Spec\C6_DL_Learn_Spec\Data\CEP_Data\Automatic_Port_Operation\boat_type_classification_dataset\kayak\21_it.jpg
C:\Users\marti\OneDrive\Desktop\Horizon Archive\Simplilearn Training Files\C6_DL_Learn_Spec\C6_DL_Learn_Spec\Data\CEP_Data\Automatic_Port_Operation\boat_type_classification_dataset\kayak\22.jpg,C:\Users\marti\OneDrive\Desktop\Horizon Archive\Simplilearn Training Files\C6_DL_Learn_Spec\C6_DL_Learn_Spec\Data\CEP_Data\Automatic_Port_Operation\boat_type_classification_dataset\kayak\22_it.jpg
C:\Users\marti\OneDrive\Desktop\Horizon Archive\Simplilearn Training Files\C6_DL_Learn_Spec\C6_DL_Learn_Spec\Data\CEP_Data\Automatic_Port_Operation\boat_type_classification_dataset\kayak\23.jpg,C:\Users\marti\OneDrive\Desktop\Horizon Archive\Simplilearn Training Files\C6_DL_Learn_Spec\C6_DL_Learn_Spec\Data\CEP_Data\Automatic_Port_Operation\boat_type_classification_dataset\kayak\23_it.jpg
C:\Users\marti\OneDrive\Desktop\Horizon Archive\Simplilearn Training Files\C6_DL_Learn_Spec\C6_DL_Learn_Spec\Data\CEP_Data\Automatic_Port_Operation\boat_type_classification_dataset\kayak\24.jpg,C:\Users\marti\OneDrive\Desktop\Horizon Archive\Simplilearn Training Files\C6_DL_Learn_Spec\C6_DL_Learn_Spec\Data\CEP_Data\Automatic_Port_Operation\boat_type_classification_dataset\kayak\24_it.jpg
C:\Users\marti\OneDrive\Desktop\Horizon Archive\Simplilearn Training Files\C6_DL_Learn_Spec\C6_DL_Learn_Spec\Data\CEP_Data\Automatic_Port_Operation\boat_type_classification_dataset\kayak\25.jpg,C:\Users\marti\OneDrive\Desktop\Horizon Archive\Simplilearn Training Files\C6_DL_Learn_Spec\C6_DL_Learn_Spec\Data\CEP_Data\Automatic_Port_Operation\boat_type_classification_dataset\kayak\25_it.jpg
C:\Users\marti\OneDrive\Desktop\Horizon Archive\Simplilearn Training Files\C6_DL_Learn_Spec\C6_DL_Learn_Spec\Data\CEP_Data\Automatic_Port_Operation\boat_type_classification_dataset\kayak\26.jpg,C:\Users\marti\OneDrive\Desktop\Horizon Archive\Simplilearn Training Files\C6_DL_Learn_Spec\C6_DL_Learn_Spec\Data\CEP_Data\Automatic_Port_Operation\boat_type_classification_dataset\kayak\26_it.jpg
C:\Users\marti\OneDrive\Desktop\Horizon Archive\Simplilearn Training Files\C6_DL_Learn_Spec\C6_DL_Learn_Spec\Data\CEP_Data\Automatic_Port_Operation\boat_type_classification_dataset\kayak\27.jpg,C:\Users\marti\OneDrive\Desktop\Horizon Archive\Simplilearn Training Files\C6_DL_Learn_Spec\C6_DL_Learn_Spec\Data\CEP_Data\Automatic_Port_Operation\boat_type_classification_dataset\kayak\27_it.jpg
C:\Users\marti\OneDrive\Desktop\Horizon Archive\Simplilearn Training Files\C6_DL_Learn_Spec\C6_DL_Learn_Spec\Data\CEP_Data\Automatic_Port_Operation\boat_type_classification_dataset\kayak\28.jpg,C:\Users\marti\OneDrive\Desktop\Horizon Archive\Simplilearn Training Files\C6_DL_Learn_Spec\C6_DL_Learn_Spec\Data\CEP_Data\Automatic_Port_Operation\boat_type_classification_dataset\kayak\28_it.jpg
C:\Users\marti\OneDrive\Desktop\Horizon Archive\Simplilearn Training Files\C6_DL_Learn_Spec\C6_DL_Learn_Spec\Data\CEP_Data\Automatic_Port_Operation\boat_type_classification_dataset\kayak\29.jpg,C:\Users\marti\OneDrive\Desktop\Horizon Archive\Simplilearn Training Files\C6_DL_Learn_Spec\C6_DL_Learn_Spec\Data\CEP_Data\Automatic_Port_Operation\boat_type_classification_dataset\kayak\29_it.jpg
C:\Users\marti\OneDrive\Desktop\Horizon Archive\Simplilearn Training Files\C6_DL_Learn_Spec\C6_DL_Learn_Spec\Data\CEP_Data\Automatic_Port_Operation\boat_type_classification_dataset\kayak\30.jpg,C:\Users\marti\OneDrive\Desktop\Horizon Archive\Simplilearn Training Files\C6_DL_Learn_Spec\C6_DL_Learn_Spec\Data\CEP_Data\Automatic_Port_Operation\boat_type_classification_dataset\kayak\30_it.jpg
C:\Users\marti\OneDrive\Desktop\Horizon Archive\Simplilearn Training Files\C6_DL_Learn_Spec\C6_DL_Learn_Spec\Data\CEP_Data\Automatic_Port_Operation\boat_type_classification_dataset\kayak\31.jpg,C:\Users\marti\OneDrive\Desktop\Horizon Archive\Simplilearn Training Files\C6_DL_Learn_Spec\C6_DL_Learn_Spec\Data\CEP_Data\Automatic_Port_Operation\boat_type_classification_dataset\kayak\31_it.jpg
C:\Users\marti\OneDrive\Desktop\Horizon Archive\Simplilearn Training Files\C6_DL_Learn_Spec\C6_DL_Learn_Spec\Data\CEP_Data\Automatic_Port_Operation\boat_type_classification_dataset\kayak\32.jpg,C:\Users\marti\OneDrive\Desktop\Horizon Archive\Simplilearn Training Files\C6_DL_Learn_Spec\C6_DL_Learn_Spec\Data\CEP_Data\Automatic_Port_Operation\boat_type_classification_dataset\kayak\32_it.jpg
C:\Users\marti\OneDrive\Desktop\Horizon Archive\Simplilearn Training Files\C6_DL_Learn_Spec\C6_DL_Learn_Spec\Data\CEP_Data\Automatic_Port_Operation\boat_type_classification_dataset\kayak\33.jpg,C:\Users\marti\OneDrive\Desktop\Horizon Archive\Simplilearn Training Files\C6_DL_Learn_Spec\C6_DL_Learn_Spec\Data\CEP_Data\Automatic_Port_Operation\boat_type_classification_dataset\kayak\33_it.jpg
C:\Users\marti\OneDrive\Desktop\Horizon Archive\Simplilearn Training Files\C6_DL_Learn_Spec\C6_DL_Learn_Spec\Data\CEP_Data\Automatic_Port_Operation\boat_type_classification_dataset\kayak\34.jpg,C:\Users\marti\OneDrive\Desktop\Horizon Archive\Simplilearn Training Files\C6_DL_Learn_Spec\C6_DL_Learn_Spec\Data\CEP_Data\Automatic_Port_Operation\boat_type_classification_dataset\kayak\34_it.jpg
C:\Users\marti\OneDrive\Desktop\Horizon Archive\Simplilearn Training Files\C6_DL_Learn_Spec\C6_DL_Learn_Spec\Data\CEP_Data\Automatic_Port_Operation\boat_type_classification_dataset\kayak\35.jpg,C:\Users\marti\OneDrive\Desktop\Horizon Archive\Simplilearn Training Files\C6_DL_Learn_Spec\C6_DL_Learn_Spec\Data\CEP_Data\Automatic_Port_Operation\boat_type_classification_dataset\kayak\35_it.jpg
C:\Users\marti\OneDrive\Desktop\Horizon Archive\Simplilearn Training Files\C6_DL_Learn_Spec\C6_DL_Learn_Spec\Data\CEP_Data\Automatic_Port_Operation\boat_type_classification_dataset\kayak\36.jpg,C:\Users\marti\OneDrive\Desktop\Horizon Archive\Simplilearn Training Files\C6_DL_Learn_Spec\C6_DL_Learn_Spec\Data\CEP_Data\Automatic_Port_Operation\boat_type_classification_dataset\kayak\36_it.jpg
C:\Users\marti\OneDrive\Desktop\Horizon Archive\Simplilearn Training Files\C6_DL_Learn_Spec\C6_DL_Learn_Spec\Data\CEP_Data\Automatic_Port_Operation\boat_type_classification_dataset\kayak\37.jpg,C:\Users\marti\OneDrive\Desktop\Horizon Archive\Simplilearn Training Files\C6_DL_Learn_Spec\C6_DL_Learn_Spec\Data\CEP_Data\Automatic_Port_Operation\boat_type_classification_dataset\kayak\37_it.jpg
C:\Users\marti\OneDrive\Desktop\Horizon Archive\Simplilearn Training Files\C6_DL_Learn_Spec\C6_DL_Learn_Spec\Data\CEP_Data\Automatic_Port_Operation\boat_type_classification_dataset\kayak\38.jpg,C:\Users\marti\OneDrive\Desktop\Horizon Archive\Simplilearn Training Files\C6_DL_Learn_Spec\C6_DL_Learn_Spec\Data\CEP_Data\Automatic_Port_Operation\boat_type_classification_dataset\kayak\38_it.jpg
C:\Users\marti\OneDrive\Desktop\Horizon Archive\Simplilearn Training Files\C6_DL_Learn_Spec\C6_DL_Learn_Spec\Data\CEP_Data\Automatic_Port_Operation\boat_type_classification_dataset\kayak\39.jpg,C:\Users\marti\OneDrive\Desktop\Horizon Archive\Simplilearn Training Files\C6_DL_Learn_Spec\C6_DL_Learn_Spec\Data\CEP_Data\Automatic_Port_Operation\boat_type_classification_dataset\kayak\39_it.jpg
C:\Users\marti\OneDrive\Desktop\Horizon Archive\Simplilearn Training Files\C6_DL_Learn_Spec\C6_DL_Learn_Spec\Data\CEP_Data\Automatic_Port_Operation\boat_type_classification_dataset\kayak\40.jpg,C:\Users\marti\OneDrive\Desktop\Horizon Archive\Simplilearn Training Files\C6_DL_Learn_Spec\C6_DL_Learn_Spec\Data\CEP_Data\Automatic_Port_Operation\boat_type_classification_dataset\kayak\40_it.jpg
C:\Users\marti\OneDrive\Desktop\Horizon Archive\Simplilearn Training Files\C6_DL_Learn_Spec\C6_DL_Learn_Spec\Data\CEP_Data\Automatic_Port_Operation\boat_type_classification_dataset\kayak\41.jpg,C:\Users\marti\OneDrive\Desktop\Horizon Archive\Simplilearn Training Files\C6_DL_Learn_Spec\C6_DL_Learn_Spec\Data\CEP_Data\Automatic_Port_Operation\boat_type_classification_dataset\kayak\41_it.jpg
C:\Users\marti\OneDrive\Desktop\Horizon Archive\Simplilearn Training Files\C6_DL_Learn_Spec\C6_DL_Learn_Spec\Data\CEP_Data\Automatic_Port_Operation\boat_type_classification_dataset\kayak\42.jpg,C:\Users\marti\OneDrive\Desktop\Horizon Archive\Simplilearn Training Files\C6_DL_Learn_Spec\C6_DL_Learn_Spec\Data\CEP_Data\Automatic_Port_Operation\boat_type_classification_dataset\kayak\42_it.jpg
C:\Users\marti\OneDrive\Desktop\Horizon Archive\Simplilearn Training Files\C6_DL_Learn_Spec\C6_DL_Learn_Spec\Data\CEP_Data\Automatic_Port_Operation\boat_type_classification_dataset\kayak\43.jpg,C:\Users\marti\OneDrive\Desktop\Horizon Archive\Simplilearn Training Files\C6_DL_Learn_Spec\C6_DL_Learn_Spec\Data\CEP_Data\Automatic_Port_Operation\boat_type_classification_dataset\kayak\43_it.jpg
C:\Users\marti\OneDrive\Desktop\Horizon Archive\Simplilearn Training Files\C6_DL_Learn_Spec\C6_DL_Learn_Spec\Data\CEP_Data\Automatic_Port_Operation\boat_type_classification_dataset\kayak\44.jpg,C:\Users\marti\OneDrive\Desktop\Horizon Archive\Simplilearn Training Files\C6_DL_Learn_Spec\C6_DL_Learn_Spec\Data\CEP_Data\Automatic_Port_Operation\boat_type_classification_dataset\kayak\44_it.jpg
C:\Users\marti\OneDrive\Desktop\Horizon Archive\Simplilearn Training Files\C6_DL_Learn_Spec\C6_DL_Learn_Spec\Data\CEP_Data\Automatic_Port_Operation\boat_type_classification_dataset\kayak\45.jpg,C:\Users\marti\OneDrive\Desktop\Horizon Archive\Simplilearn Training Files\C6_DL_Learn_Spec\C6_DL_Learn_Spec\Data\CEP_Data\Automatic_Port_Operation\boat_type_classification_dataset\kayak\45_it.jpg
C:\Users\marti\OneDrive\Desktop\Horizon Archive\Simplilearn Training Files\C6_DL_Learn_Spec\C6_DL_Learn_Spec\Data\CEP_Data\Automatic_Port_Operation\boat_type_classification_dataset\kayak\46.jpg,C:\Users\marti\OneDrive\Desktop\Horizon Archive\Simplilearn Training Files\C6_DL_Learn_Spec\C6_DL_Learn_Spec\Data\CEP_Data\Automatic_Port_Operation\boat_type_classification_dataset\kayak\46_it.jpg
C:\Users\marti\OneDrive\Desktop\Horizon Archive\Simplilearn Training Files\C6_DL_Learn_Spec\C6_DL_Learn_Spec\Data\CEP_Data\Automatic_Port_Operation\boat_type_classification_dataset\kayak\47.jpg,C:\Users\marti\OneDrive\Desktop\Horizon Archive\Simplilearn Training Files\C6_DL_Learn_Spec\C6_DL_Learn_Spec\Data\CEP_Data\Automatic_Port_Operation\boat_type_classification_dataset\kayak\47_it.jpg
C:\Users\marti\OneDrive\Desktop\Horizon Archive\Simplilearn Training Files\C6_DL_Learn_Spec\C6_DL_Learn_Spec\Data\CEP_Data\Automatic_Port_Operation\boat_type_classification_dataset\kayak\48.jpg,C:\Users\marti\OneDrive\Desktop\Horizon Archive\Simplilearn Training Files\C6_DL_Learn_Spec\C6_DL_Learn_Spec\Data\CEP_Data\Automatic_Port_Operation\boat_type_classification_dataset\kayak\48_it.jpg
C:\Users\marti\OneDrive\Desktop\Horizon Archive\Simplilearn Training Files\C6_DL_Learn_Spec\C6_DL_Learn_Spec\Data\CEP_Data\Automatic_Port_Operation\boat_type_classification_dataset\kayak\49.jpg,C:\Users\marti\OneDrive\Desktop\Horizon Archive\Simplilearn Training Files\C6_DL_Learn_Spec\C6_DL_Learn_Spec\Data\CEP_Data\Automatic_Port_Operation\boat_type_classification_dataset\kayak\49_it.jpg
C:\Users\marti\OneDrive\Desktop\Horizon Archive\Simplilearn Training Files\C6_DL_Learn_Spec\C6_DL_Learn_Spec\Data\CEP_Data\Automatic_Port_Operation\boat_type_classification_dataset\kayak\50.jpg,C:\Users\marti\OneDrive\Desktop\Horizon Archive\Simplilearn Training Files\C6_DL_Learn_Spec\C6_DL_Learn_Spec\Data\CEP_Data\Automatic_Port_Operation\boat_type_classification_dataset\kayak\50_it.jpg
C:\Users\marti\OneDrive\Desktop\Horizon Archive\Simplilearn Training Files\C6_DL_Learn_Spec\C6_DL_Learn_Spec\Data\CEP_Data\Automatic_Port_Operation\boat_type_classification_dataset\kayak\51.jpg,C:\Users\marti\OneDrive\Desktop\Horizon Archive\Simplilearn Training Files\C6_DL_Learn_Spec\C6_DL_Learn_Spec\Data\CEP_Data\Automatic_Port_Operation\boat_type_classification_dataset\kayak\51_it.jpg
C:\Users\marti\OneDrive\Desktop\Horizon Archive\Simplilearn Training Files\C6_DL_Learn_Spec\C6_DL_Learn_Spec\Data\CEP_Data\Automatic_Port_Operation\boat_type_classification_dataset\kayak\52.jpg,C:\Users\marti\OneDrive\Desktop\Horizon Archive\Simplilearn Training Files\C6_DL_Learn_Spec\C6_DL_Learn_Spec\Data\CEP_Data\Automatic_Port_Operation\boat_type_classification_dataset\kayak\52_it.jpg
C:\Users\marti\OneDrive\Desktop\Horizon Archive\Simplilearn Training Files\C6_DL_Learn_Spec\C6_DL_Learn_Spec\Data\CEP_Data\Automatic_Port_Operation\boat_type_classification_dataset\kayak\53.jpg,C:\Users\marti\OneDrive\Desktop\Horizon Archive\Simplilearn Training Files\C6_DL_Learn_Spec\C6_DL_Learn_Spec\Data\CEP_Data\Automatic_Port_Operation\boat_type_classification_dataset\kayak\53_it.jpg
C:\Users\marti\OneDrive\Desktop\Horizon Archive\Simplilearn Training Files\C6_DL_Learn_Spec\C6_DL_Learn_Spec\Data\CEP_Data\Automatic_Port_Operation\boat_type_classification_dataset\kayak\54.jpg,C:\Users\marti\OneDrive\Desktop\Horizon Archive\Simplilearn Training Files\C6_DL_Learn_Spec\C6_DL_Learn_Spec\Data\CEP_Data\Automatic_Port_Operation\boat_type_classification_dataset\kayak\54_it.jpg
C:\Users\marti\OneDrive\Desktop\Horizon Archive\Simplilearn Training Files\C6_DL_Learn_Spec\C6_DL_Learn_Spec\Data\CEP_Data\Automatic_Port_Operation\boat_type_classification_dataset\kayak\55.jpg,C:\Users\marti\OneDrive\Desktop\Horizon Archive\Simplilearn Training Files\C6_DL_Learn_Spec\C6_DL_Learn_Spec\Data\CEP_Data\Automatic_Port_Operation\boat_type_classification_dataset\kayak\55_it.jpg
C:\Users\marti\OneDrive\Desktop\Horizon Archive\Simplilearn Training Files\C6_DL_Learn_Spec\C6_DL_Learn_Spec\Data\CEP_Data\Automatic_Port_Operation\boat_type_classification_dataset\kayak\56.jpg,C:\Users\marti\OneDrive\Desktop\Horizon Archive\Simplilearn Training Files\C6_DL_Learn_Spec\C6_DL_Learn_Spec\Data\CEP_Data\Automatic_Port_Operation\boat_type_classification_dataset\kayak\56_it.jpg
C:\Users\marti\OneDrive\Desktop\Horizon Archive\Simplilearn Training Files\C6_DL_Learn_Spec\C6_DL_Learn_Spec\Data\CEP_Data\Automatic_Port_Operation\boat_type_classification_dataset\kayak\57.jpg,C:\Users\marti\OneDrive\Desktop\Horizon Archive\Simplilearn Training Files\C6_DL_Learn_Spec\C6_DL_Learn_Spec\Data\CEP_Data\Automatic_Port_Operation\boat_type_classification_dataset\kayak\57_it.jpg
C:\Users\marti\OneDrive\Desktop\Horizon Archive\Simplilearn Training Files\C6_DL_Learn_Spec\C6_DL_Learn_Spec\Data\CEP_Data\Automatic_Port_Operation\boat_type_classification_dataset\kayak\58.jpg,C:\Users\marti\OneDrive\Desktop\Horizon Archive\Simplilearn Training Files\C6_DL_Learn_Spec\C6_DL_Learn_Spec\Data\CEP_Data\Automatic_Port_Operation\boat_type_classification_dataset\kayak\58_it.jpg
C:\Users\marti\OneDrive\Desktop\Horizon Archive\Simplilearn Training Files\C6_DL_Learn_Spec\C6_DL_Learn_Spec\Data\CEP_Data\Automatic_Port_Operation\boat_type_classification_dataset\kayak\59.jpg,C:\Users\marti\OneDrive\Desktop\Horizon Archive\Simplilearn Training Files\C6_DL_Learn_Spec\C6_DL_Learn_Spec\Data\CEP_Data\Automatic_Port_Operation\boat_type_classification_dataset\kayak\59_it.jpg
C:\Users\marti\OneDrive\Desktop\Horizon Archive\Simplilearn Training Files\C6_DL_Learn_Spec\C6_DL_Learn_Spec\Data\CEP_Data\Automatic_Port_Operation\boat_type_classification_dataset\kayak\60.jpg,C:\Users\marti\OneDrive\Desktop\Horizon Archive\Simplilearn Training Files\C6_DL_Learn_Spec\C6_DL_Learn_Spec\Data\CEP_Data\Automatic_Port_Operation\boat_type_classification_dataset\kayak\60_it.jpg
C:\Users\marti\OneDrive\Desktop\Horizon Archive\Simplilearn Training Files\C6_DL_Learn_Spec\C6_DL_Learn_Spec\Data\CEP_Data\Automatic_Port_Operation\boat_type_classification_dataset\kayak\61.jpg,C:\Users\marti\OneDrive\Desktop\Horizon Archive\Simplilearn Training Files\C6_DL_Learn_Spec\C6_DL_Learn_Spec\Data\CEP_Data\Automatic_Port_Operation\boat_type_classification_dataset\kayak\61_it.jpg
C:\Users\marti\OneDrive\Desktop\Horizon Archive\Simplilearn Training Files\C6_DL_Learn_Spec\C6_DL_Learn_Spec\Data\CEP_Data\Automatic_Port_Operation\boat_type_classification_dataset\kayak\62.jpg,C:\Users\marti\OneDrive\Desktop\Horizon Archive\Simplilearn Training Files\C6_DL_Learn_Spec\C6_DL_Learn_Spec\Data\CEP_Data\Automatic_Port_Operation\boat_type_classification_dataset\kayak\62_it.jpg
C:\Users\marti\OneDrive\Desktop\Horizon Archive\Simplilearn Training Files\C6_DL_Learn_Spec\C6_DL_Learn_Spec\Data\CEP_Data\Automatic_Port_Operation\boat_type_classification_dataset\kayak\63.jpg,C:\Users\marti\OneDrive\Desktop\Horizon Archive\Simplilearn Training Files\C6_DL_Learn_Spec\C6_DL_Learn_Spec\Data\CEP_Data\Automatic_Port_Operation\boat_type_classification_dataset\kayak\63_it.jpg
C:\Users\marti\OneDrive\Desktop\Horizon Archive\Simplilearn Training Files\C6_DL_Learn_Spec\C6_DL_Learn_Spec\Data\CEP_Data\Automatic_Port_Operation\boat_type_classification_dataset\kayak\64.jpg,C:\Users\marti\OneDrive\Desktop\Horizon Archive\Simplilearn Training Files\C6_DL_Learn_Spec\C6_DL_Learn_Spec\Data\CEP_Data\Automatic_Port_Operation\boat_type_classification_dataset\kayak\64_it.jpg
C:\Users\marti\OneDrive\Desktop\Horizon Archive\Simplilearn Training Files\C6_DL_Learn_Spec\C6_DL_Learn_Spec\Data\CEP_Data\Automatic_Port_Operation\boat_type_classification_dataset\kayak\65.jpg,C:\Users\marti\OneDrive\Desktop\Horizon Archive\Simplilearn Training Files\C6_DL_Learn_Spec\C6_DL_Learn_Spec\Data\CEP_Data\Automatic_Port_Operation\boat_type_classification_dataset\kayak\65_it.jpg
C:\Users\marti\OneDrive\Desktop\Horizon Archive\Simplilearn Training Files\C6_DL_Learn_Spec\C6_DL_Learn_Spec\Data\CEP_Data\Automatic_Port_Operation\boat_type_classification_dataset\kayak\66.jpg,C:\Users\marti\OneDrive\Desktop\Horizon Archive\Simplilearn Training Files\C6_DL_Learn_Spec\C6_DL_Learn_Spec\Data\CEP_Data\Automatic_Port_Operation\boat_type_classification_dataset\kayak\66_it.jpg
C:\Users\marti\OneDrive\Desktop\Horizon Archive\Simplilearn Training Files\C6_DL_Learn_Spec\C6_DL_Learn_Spec\Data\CEP_Data\Automatic_Port_Operation\boat_type_classification_dataset\kayak\67.jpg,C:\Users\marti\OneDrive\Desktop\Horizon Archive\Simplilearn Training Files\C6_DL_Learn_Spec\C6_DL_Learn_Spec\Data\CEP_Data\Automatic_Port_Operation\boat_type_classification_dataset\kayak\67_it.jpg
C:\Users\marti\OneDrive\Desktop\Horizon Archive\Simplilearn Training Files\C6_DL_Learn_Spec\C6_DL_Learn_Spec\Data\CEP_Data\Automatic_Port_Operation\boat_type_classification_dataset\kayak\68.jpg,C:\Users\marti\OneDrive\Desktop\Horizon Archive\Simplilearn Training Files\C6_DL_Learn_Spec\C6_DL_Learn_Spec\Data\CEP_Data\Automatic_Port_Operation\boat_type_classification_dataset\kayak\68_it.jpg
C:\Users\marti\OneDrive\Desktop\Horizon Archive\Simplilearn Training Files\C6_DL_Learn_Spec\C6_DL_Learn_Spec\Data\CEP_Data\Automatic_Port_Operation\boat_type_classification_dataset\kayak\69.jpg,C:\Users\marti\OneDrive\Desktop\Horizon Archive\Simplilearn Training Files\C6_DL_Learn_Spec\C6_DL_Learn_Spec\Data\CEP_Data\Automatic_Port_Operation\boat_type_classification_dataset\kayak\69_it.jpg
C:\Users\marti\OneDrive\Desktop\Horizon Archive\Simplilearn Training Files\C6_DL_Learn_Spec\C6_DL_Learn_Spec\Data\CEP_Data\Automatic_Port_Operation\boat_type_classification_dataset\kayak\70.jpg,C:\Users\marti\OneDrive\Desktop\Horizon Archive\Simplilearn Training Files\C6_DL_Learn_Spec\C6_DL_Learn_Spec\Data\CEP_Data\Automatic_Port_Operation\boat_type_classification_dataset\kayak\70_it.jpg
C:\Users\marti\OneDrive\Desktop\Horizon Archive\Simplilearn Training Files\C6_DL_Learn_Spec\C6_DL_Learn_Spec\Data\CEP_Data\Automatic_Port_Operation\boat_type_classification_dataset\kayak\71.jpg,C:\Users\marti\OneDrive\Desktop\Horizon Archive\Simplilearn Training Files\C6_DL_Learn_Spec\C6_DL_Learn_Spec\Data\CEP_Data\Automatic_Port_Operation\boat_type_classification_dataset\kayak\71_it.jpg
C:\Users\marti\OneDrive\Desktop\Horizon Archive\Simplilearn Training Files\C6_DL_Learn_Spec\C6_DL_Learn_Spec\Data\CEP_Data\Automatic_Port_Operation\boat_type_classification_dataset\kayak\72.jpg,C:\Users\marti\OneDrive\Desktop\Horizon Archive\Simplilearn Training Files\C6_DL_Learn_Spec\C6_DL_Learn_Spec\Data\CEP_Data\Automatic_Port_Operation\boat_type_classification_dataset\kayak\72_it.jpg
C:\Users\marti\OneDrive\Desktop\Horizon Archive\Simplilearn Training Files\C6_DL_Learn_Spec\C6_DL_Learn_Spec\Data\CEP_Data\Automatic_Port_Operation\boat_type_classification_dataset\kayak\73.jpg,C:\Users\marti\OneDrive\Desktop\Horizon Archive\Simplilearn Training Files\C6_DL_Learn_Spec\C6_DL_Learn_Spec\Data\CEP_Data\Automatic_Port_Operation\boat_type_classification_dataset\kayak\73_it.jpg
C:\Users\marti\OneDrive\Desktop\Horizon Archive\Simplilearn Training Files\C6_DL_Learn_Spec\C6_DL_Learn_Spec\Data\CEP_Data\Automatic_Port_Operation\boat_type_classification_dataset\kayak\74.jpg,C:\Users\marti\OneDrive\Desktop\Horizon Archive\Simplilearn Training Files\C6_DL_Learn_Spec\C6_DL_Learn_Spec\Data\CEP_Data\Automatic_Port_Operation\boat_type_classification_dataset\kayak\74_it.jpg
C:\Users\marti\OneDrive\Desktop\Horizon Archive\Simplilearn Training Files\C6_DL_Learn_Spec\C6_DL_Learn_Spec\Data\CEP_Data\Automatic_Port_Operation\boat_type_classification_dataset\kayak\75.jpg,C:\Users\marti\OneDrive\Desktop\Horizon Archive\Simplilearn Training Files\C6_DL_Learn_Spec\C6_DL_Learn_Spec\Data\CEP_Data\Automatic_Port_Operation\boat_type_classification_dataset\kayak\75_it.jpg
C:\Users\marti\OneDrive\Desktop\Horizon Archive\Simplilearn Training Files\C6_DL_Learn_Spec\C6_DL_Learn_Spec\Data\CEP_Data\Automatic_Port_Operation\boat_type_classification_dataset\kayak\76.jpg,C:\Users\marti\OneDrive\Desktop\Horizon Archive\Simplilearn Training Files\C6_DL_Learn_Spec\C6_DL_Learn_Spec\Data\CEP_Data\Automatic_Port_Operation\boat_type_classification_dataset\kayak\76_it.jpg
C:\Users\marti\OneDrive\Desktop\Horizon Archive\Simplilearn Training Files\C6_DL_Learn_Spec\C6_DL_Learn_Spec\Data\CEP_Data\Automatic_Port_Operation\boat_type_classification_dataset\kayak\77.jpg,C:\Users\marti\OneDrive\Desktop\Horizon Archive\Simplilearn Training Files\C6_DL_Learn_Spec\C6_DL_Learn_Spec\Data\CEP_Data\Automatic_Port_Operation\boat_type_classification_dataset\kayak\77_it.jpg
C:\Users\marti\OneDrive\Desktop\Horizon Archive\Simplilearn Training Files\C6_DL_Learn_Spec\C6_DL_Learn_Spec\Data\CEP_Data\Automatic_Port_Operation\boat_type_classification_dataset\kayak\78.jpg,C:\Users\marti\OneDrive\Desktop\Horizon Archive\Simplilearn Training Files\C6_DL_Learn_Spec\C6_DL_Learn_Spec\Data\CEP_Data\Automatic_Port_Operation\boat_type_classification_dataset\kayak\78_it.jpg
C:\Users\marti\OneDrive\Desktop\Horizon Archive\Simplilearn Training Files\C6_DL_Learn_Spec\C6_DL_Learn_Spec\Data\CEP_Data\Automatic_Port_Operation\boat_type_classification_dataset\kayak\79.jpg,C:\Users\marti\OneDrive\Desktop\Horizon Archive\Simplilearn Training Files\C6_DL_Learn_Spec\C6_DL_Learn_Spec\Data\CEP_Data\Automatic_Port_Operation\boat_type_classification_dataset\kayak\79_it.jpg
C:\Users\marti\OneDrive\Desktop\Horizon Archive\Simplilearn Training Files\C6_DL_Learn_Spec\C6_DL_Learn_Spec\Data\CEP_Data\Automatic_Port_Operation\boat_type_classification_dataset\kayak\80.jpg,C:\Users\marti\OneDrive\Desktop\Horizon Archive\Simplilearn Training Files\C6_DL_Learn_Spec\C6_DL_Learn_Spec\Data\CEP_Data\Automatic_Port_Operation\boat_type_classification_dataset\kayak\80_it.jpg
C:\Users\marti\OneDrive\Desktop\Horizon Archive\Simplilearn Training Files\C6_DL_Learn_Spec\C6_DL_Learn_Spec\Data\CEP_Data\Automatic_Port_Operation\boat_type_classification_dataset\kayak\81.jpg,C:\Users\marti\OneDrive\Desktop\Horizon Archive\Simplilearn Training Files\C6_DL_Learn_Spec\C6_DL_Learn_Spec\Data\CEP_Data\Automatic_Port_Operation\boat_type_classification_dataset\kayak\81_it.jpg
C:\Users\marti\OneDrive\Desktop\Horizon Archive\Simplilearn Training Files\C6_DL_Learn_Spec\C6_DL_Learn_Spec\Data\CEP_Data\Automatic_Port_Operation\boat_type_classification_dataset\kayak\82.jpg,C:\Users\marti\OneDrive\Desktop\Horizon Archive\Simplilearn Training Files\C6_DL_Learn_Spec\C6_DL_Learn_Spec\Data\CEP_Data\Automatic_Port_Operation\boat_type_classification_dataset\kayak\82_it.jpg
C:\Users\marti\OneDrive\Desktop\Horizon Archive\Simplilearn Training Files\C6_DL_Learn_Spec\C6_DL_Learn_Spec\Data\CEP_Data\Automatic_Port_Operation\boat_type_classification_dataset\kayak\83.jpg,C:\Users\marti\OneDrive\Desktop\Horizon Archive\Simplilearn Training Files\C6_DL_Learn_Spec\C6_DL_Learn_Spec\Data\CEP_Data\Automatic_Port_Operation\boat_type_classification_dataset\kayak\83_it.jpg
C:\Users\marti\OneDrive\Desktop\Horizon Archive\Simplilearn Training Files\C6_DL_Learn_Spec\C6_DL_Learn_Spec\Data\CEP_Data\Automatic_Port_Operation\boat_type_classification_dataset\kayak\84.jpg,C:\Users\marti\OneDrive\Desktop\Horizon Archive\Simplilearn Training Files\C6_DL_Learn_Spec\C6_DL_Learn_Spec\Data\CEP_Data\Automatic_Port_Operation\boat_type_classification_dataset\kayak\84_it.jpg
C:\Users\marti\OneDrive\Desktop\Horizon Archive\Simplilearn Training Files\C6_DL_Learn_Spec\C6_DL_Learn_Spec\Data\CEP_Data\Automatic_Port_Operation\boat_type_classification_dataset\kayak\85.jpg,C:\Users\marti\OneDrive\Desktop\Horizon Archive\Simplilearn Training Files\C6_DL_Learn_Spec\C6_DL_Learn_Spec\Data\CEP_Data\Automatic_Port_Operation\boat_type_classification_dataset\kayak\85_it.jpg
C:\Users\marti\OneDrive\Desktop\Horizon Archive\Simplilearn Training Files\C6_DL_Learn_Spec\C6_DL_Learn_Spec\Data\CEP_Data\Automatic_Port_Operation\boat_type_classification_dataset\kayak\86.jpg,C:\Users\marti\OneDrive\Desktop\Horizon Archive\Simplilearn Training Files\C6_DL_Learn_Spec\C6_DL_Learn_Spec\Data\CEP_Data\Automatic_Port_Operation\boat_type_classification_dataset\kayak\86_it.jpg
C:\Users\marti\OneDrive\Desktop\Horizon Archive\Simplilearn Training Files\C6_DL_Learn_Spec\C6_DL_Learn_Spec\Data\CEP_Data\Automatic_Port_Operation\boat_type_classification_dataset\kayak\87.jpg,C:\Users\marti\OneDrive\Desktop\Horizon Archive\Simplilearn Training Files\C6_DL_Learn_Spec\C6_DL_Learn_Spec\Data\CEP_Data\Automatic_Port_Operation\boat_type_classification_dataset\kayak\87_it.jpg
C:\Users\marti\OneDrive\Desktop\Horizon Archive\Simplilearn Training Files\C6_DL_Learn_Spec\C6_DL_Learn_Spec\Data\CEP_Data\Automatic_Port_Operation\boat_type_classification_dataset\kayak\88.jpg,C:\Users\marti\OneDrive\Desktop\Horizon Archive\Simplilearn Training Files\C6_DL_Learn_Spec\C6_DL_Learn_Spec\Data\CEP_Data\Automatic_Port_Operation\boat_type_classification_dataset\kayak\88_it.jpg
C:\Users\marti\OneDrive\Desktop\Horizon Archive\Simplilearn Training Files\C6_DL_Learn_Spec\C6_DL_Learn_Spec\Data\CEP_Data\Automatic_Port_Operation\boat_type_classification_dataset\kayak\89.jpg,C:\Users\marti\OneDrive\Desktop\Horizon Archive\Simplilearn Training Files\C6_DL_Learn_Spec\C6_DL_Learn_Spec\Data\CEP_Data\Automatic_Port_Operation\boat_type_classification_dataset\kayak\89_it.jpg
C:\Users\marti\OneDrive\Desktop\Horizon Archive\Simplilearn Training Files\C6_DL_Learn_Spec\C6_DL_Learn_Spec\Data\CEP_Data\Automatic_Port_Operation\boat_type_classification_dataset\kayak\90.jpg,C:\Users\marti\OneDrive\Desktop\Horizon Archive\Simplilearn Training Files\C6_DL_Learn_Spec\C6_DL_Learn_Spec\Data\CEP_Data\Automatic_Port_Operation\boat_type_classification_dataset\kayak\90_it.jpg
C:\Users\marti\OneDrive\Desktop\Horizon Archive\Simplilearn Training Files\C6_DL_Learn_Spec\C6_DL_Learn_Spec\Data\CEP_Data\Automatic_Port_Operation\boat_type_classification_dataset\kayak\91.jpg,C:\Users\marti\OneDrive\Desktop\Horizon Archive\Simplilearn Training Files\C6_DL_Learn_Spec\C6_DL_Learn_Spec\Data\CEP_Data\Automatic_Port_Operation\boat_type_classification_dataset\kayak\91_it.jpg
C:\Users\marti\OneDrive\Desktop\Horizon Archive\Simplilearn Training Files\C6_DL_Learn_Spec\C6_DL_Learn_Spec\Data\CEP_Data\Automatic_Port_Operation\boat_type_classification_dataset\kayak\92.jpg,C:\Users\marti\OneDrive\Desktop\Horizon Archive\Simplilearn Training Files\C6_DL_Learn_Spec\C6_DL_Learn_Spec\Data\CEP_Data\Automatic_Port_Operation\boat_type_classification_dataset\kayak\92_it.jpg
C:\Users\marti\OneDrive\Desktop\Horizon Archive\Simplilearn Training Files\C6_DL_Learn_Spec\C6_DL_Learn_Spec\Data\CEP_Data\Automatic_Port_Operation\boat_type_classification_dataset\kayak\93.jpg,C:\Users\marti\OneDrive\Desktop\Horizon Archive\Simplilearn Training Files\C6_DL_Learn_Spec\C6_DL_Learn_Spec\Data\CEP_Data\Automatic_Port_Operation\boat_type_classification_dataset\kayak\93_it.jpg
C:\Users\marti\OneDrive\Desktop\Horizon Archive\Simplilearn Training Files\C6_DL_Learn_Spec\C6_DL_Learn_Spec\Data\CEP_Data\Automatic_Port_Operation\boat_type_classification_dataset\kayak\94.jpg,C:\Users\marti\OneDrive\Desktop\Horizon Archive\Simplilearn Training Files\C6_DL_Learn_Spec\C6_DL_Learn_Spec\Data\CEP_Data\Automatic_Port_Operation\boat_type_classification_dataset\kayak\94_it.jpg
C:\Users\marti\OneDrive\Desktop\Horizon Archive\Simplilearn Training Files\C6_DL_Learn_Spec\C6_DL_Learn_Spec\Data\CEP_Data\Automatic_Port_Operation\boat_type_classification_dataset\kayak\95.jpg,C:\Users\marti\OneDrive\Desktop\Horizon Archive\Simplilearn Training Files\C6_DL_Learn_Spec\C6_DL_Learn_Spec\Data\CEP_Data\Automatic_Port_Operation\boat_type_classification_dataset\kayak\95_it.jpg
C:\Users\marti\OneDrive\Desktop\Horizon Archive\Simplilearn Training Files\C6_DL_Learn_Spec\C6_DL_Learn_Spec\Data\CEP_Data\Automatic_Port_Operation\boat_type_classification_dataset\kayak\96.jpg,C:\Users\marti\OneDrive\Desktop\Horizon Archive\Simplilearn Training Files\C6_DL_Learn_Spec\C6_DL_Learn_Spec\Data\CEP_Data\Automatic_Port_Operation\boat_type_classification_dataset\kayak\96_it.jpg
C:\Users\marti\OneDrive\Desktop\Horizon Archive\Simplilearn Training Files\C6_DL_Learn_Spec\C6_DL_Learn_Spec\Data\CEP_Data\Automatic_Port_Operation\boat_type_classification_dataset\kayak\97.jpg,C:\Users\marti\OneDrive\Desktop\Horizon Archive\Simplilearn Training Files\C6_DL_Learn_Spec\C6_DL_Learn_Spec\Data\CEP_Data\Automatic_Port_Operation\boat_type_classification_dataset\kayak\97_it.jpg
C:\Users\marti\OneDrive\Desktop\Horizon Archive\Simplilearn Training Files\C6_DL_Learn_Spec\C6_DL_Learn_Spec\Data\CEP_Data\Automatic_Port_Operation\boat_type_classification_dataset\kayak\98.jpg,C:\Users\marti\OneDrive\Desktop\Horizon Archive\Simplilearn Training Files\C6_DL_Learn_Spec\C6_DL_Learn_Spec\Data\CEP_Data\Automatic_Port_Operation\boat_type_classification_dataset\kayak\98_it.jpg
C:\Users\marti\OneDrive\Desktop\Horizon Archive\Simplilearn Training Files\C6_DL_Learn_Spec\C6_DL_Learn_Spec\Data\CEP_Data\Automatic_Port_Operation\boat_type_classification_dataset\kayak\99.jpg,C:\Users\marti\OneDrive\Desktop\Horizon Archive\Simplilearn Training Files\C6_DL_Learn_Spec\C6_DL_Learn_Spec\Data\CEP_Data\Automatic_Port_Operation\boat_type_classification_dataset\kayak\99_it.jpg
C:\Users\marti\OneDrive\Desktop\Horizon Archive\Simplilearn Training Files\C6_DL_Learn_Spec\C6_DL_Learn_Spec\Instr_Slides_NB\L04_DL_Neural_Net\4.04_Example__Working_on_Forward_Propagation.ipynb,C:\Users\marti\OneDrive\Desktop\Horizon Archive\Simplilearn Training Files\C6_DL_Learn_Spec\C6_DL_Learn_Spec\Instr_Slides_NB\L04_DL_Neural_Net\4.04_Exam_Work_on_Forw_Prop.ipynb
C:\Users\marti\OneDrive\Desktop\Horizon Archive\Simplilearn Training Files\C6_DL_Learn_Spec\C6_DL_Learn_Spec\Instr_Slides_NB\L11_Rec_Neural_Net\11.07_Part_2_Text_Classification_Using_LSTM.ipynb,C:\Users\marti\OneDrive\Desktop\Horizon Archive\Simplilearn Training Files\C6_DL_Learn_Spec\C6_DL_Learn_Spec\Instr_Slides_NB\L11_Rec_Neural_Net\11.07_Part_2_Text_Clas_Usin.ipynb
C:\Users\marti\OneDrive\Desktop\Horizon Archive\Simplilearn Training Files\C6_DL_Learn_Spec\C6_DL_Learn_Spec\Instr_Slides_NB\L12_Transf_Models_for_NLP\12.06_Text_Classification_Using_BERT.ipynb,C:\Users\marti\OneDrive\Desktop\Horizon Archive\Simplilearn Training Files\C6_DL_Learn_Spec\C6_DL_Learn_Spec\Instr_Slides_NB\L12_Transf_Models_for_NLP\12.06_Text_Clas_Usin_BERT.ipynb
C:\Users\marti\OneDrive\Desktop\Horizon Archive\Simplilearn Training Files\C4_Appl_Data_Sci_Py\C4_Appl_Data_Sci_Py\Data\L12_Data_Viz\12.17_Plotting_3D_Graphs_for_Multiple_Columns_Using_Seaborn,C:\Users\marti\OneDrive\Desktop\Horizon Archive\Simplilearn Training Files\C4_Appl_Data_Sci_Py\C4_Appl_Data_Sci_Py\Data\L12_Data_Viz\12.17_Plot_3D_Grap_for
C:\Users\marti\OneDrive\Desktop\Horizon Archive\Simplilearn Training Files\C6_DL_Learn_Spec\C6_DL_Learn_Spec\Data\CEP_Data\Automatic_Port_Operation\boat_type_classification_dataset\buoy\10.jpg,C:\Users\marti\OneDrive\Desktop\Horizon Archive\Simplilearn Training Files\C6_DL_Learn_Spec\C6_DL_Learn_Spec\Data\CEP_Data\Automatic_Port_Operation\boat_type_classification_dataset\buoy\10_it.jpg
C:\Users\marti\OneDrive\Desktop\Horizon Archive\Simplilearn Training Files\C6_DL_Learn_Spec\C6_DL_Learn_Spec\Data\CEP_Data\Automatic_Port_Operation\boat_type_classification_dataset\buoy\11.jpg,C:\Users\marti\OneDrive\Desktop\Horizon Archive\Simplilearn Training Files\C6_DL_Learn_Spec\C6_DL_Learn_Spec\Data\CEP_Data\Automatic_Port_Operation\boat_type_classification_dataset\buoy\11_it.jpg
C:\Users\marti\OneDrive\Desktop\Horizon Archive\Simplilearn Training Files\C6_DL_Learn_Spec\C6_DL_Learn_Spec\Data\CEP_Data\Automatic_Port_Operation\boat_type_classification_dataset\buoy\12.jpg,C:\Users\marti\OneDrive\Desktop\Horizon Archive\Simplilearn Training Files\C6_DL_Learn_Spec\C6_DL_Learn_Spec\Data\CEP_Data\Automatic_Port_Operation\boat_type_classification_dataset\buoy\12_it.jpg
C:\Users\marti\OneDrive\Desktop\Horizon Archive\Simplilearn Training Files\C6_DL_Learn_Spec\C6_DL_Learn_Spec\Data\CEP_Data\Automatic_Port_Operation\boat_type_classification_dataset\buoy\13.jpg,C:\Users\marti\OneDrive\Desktop\Horizon Archive\Simplilearn Training Files\C6_DL_Learn_Spec\C6_DL_Learn_Spec\Data\CEP_Data\Automatic_Port_Operation\boat_type_classification_dataset\buoy\13_it.jpg
C:\Users\marti\OneDrive\Desktop\Horizon Archive\Simplilearn Training Files\C6_DL_Learn_Spec\C6_DL_Learn_Spec\Data\CEP_Data\Automatic_Port_Operation\boat_type_classification_dataset\buoy\14.jpg,C:\Users\marti\OneDrive\Desktop\Horizon Archive\Simplilearn Training Files\C6_DL_Learn_Spec\C6_DL_Learn_Spec\Data\CEP_Data\Automatic_Port_Operation\boat_type_classification_dataset\buoy\14_it.jpg
C:\Users\marti\OneDrive\Desktop\Horizon Archive\Simplilearn Training Files\C6_DL_Learn_Spec\C6_DL_Learn_Spec\Data\CEP_Data\Automatic_Port_Operation\boat_type_classification_dataset\buoy\15.jpg,C:\Users\marti\OneDrive\Desktop\Horizon Archive\Simplilearn Training Files\C6_DL_Learn_Spec\C6_DL_Learn_Spec\Data\CEP_Data\Automatic_Port_Operation\boat_type_classification_dataset\buoy\15_it.jpg
C:\Users\marti\OneDrive\Desktop\Horizon Archive\Simplilearn Training Files\C6_DL_Learn_Spec\C6_DL_Learn_Spec\Data\CEP_Data\Automatic_Port_Operation\boat_type_classification_dataset\buoy\16.jpg,C:\Users\marti\OneDrive\Desktop\Horizon Archive\Simplilearn Training Files\C6_DL_Learn_Spec\C6_DL_Learn_Spec\Data\CEP_Data\Automatic_Port_Operation\boat_type_classification_dataset\buoy\16_it.jpg
C:\Users\marti\OneDrive\Desktop\Horizon Archive\Simplilearn Training Files\C6_DL_Learn_Spec\C6_DL_Learn_Spec\Data\CEP_Data\Automatic_Port_Operation\boat_type_classification_dataset\buoy\17.jpg,C:\Users\marti\OneDrive\Desktop\Horizon Archive\Simplilearn Training Files\C6_DL_Learn_Spec\C6_DL_Learn_Spec\Data\CEP_Data\Automatic_Port_Operation\boat_type_classification_dataset\buoy\17_it.jpg
C:\Users\marti\OneDrive\Desktop\Horizon Archive\Simplilearn Training Files\C6_DL_Learn_Spec\C6_DL_Learn_Spec\Data\CEP_Data\Automatic_Port_Operation\boat_type_classification_dataset\buoy\18.jpg,C:\Users\marti\OneDrive\Desktop\Horizon Archive\Simplilearn Training Files\C6_DL_Learn_Spec\C6_DL_Learn_Spec\Data\CEP_Data\Automatic_Port_Operation\boat_type_classification_dataset\buoy\18_it.jpg
C:\Users\marti\OneDrive\Desktop\Horizon Archive\Simplilearn Training Files\C6_DL_Learn_Spec\C6_DL_Learn_Spec\Data\CEP_Data\Automatic_Port_Operation\boat_type_classification_dataset\buoy\19.jpg,C:\Users\marti\OneDrive\Desktop\Horizon Archive\Simplilearn Training Files\C6_DL_Learn_Spec\C6_DL_Learn_Spec\Data\CEP_Data\Automatic_Port_Operation\boat_type_classification_dataset\buoy\19_it.jpg
C:\Users\marti\OneDrive\Desktop\Horizon Archive\Simplilearn Training Files\C6_DL_Learn_Spec\C6_DL_Learn_Spec\Data\CEP_Data\Automatic_Port_Operation\boat_type_classification_dataset\buoy\20.jpg,C:\Users\marti\OneDrive\Desktop\Horizon Archive\Simplilearn Training Files\C6_DL_Learn_Spec\C6_DL_Learn_Spec\Data\CEP_Data\Automatic_Port_Operation\boat_type_classification_dataset\buoy\20_it.jpg
C:\Users\marti\OneDrive\Desktop\Horizon Archive\Simplilearn Training Files\C6_DL_Learn_Spec\C6_DL_Learn_Spec\Data\CEP_Data\Automatic_Port_Operation\boat_type_classification_dataset\buoy\21.jpg,C:\Users\marti\OneDrive\Desktop\Horizon Archive\Simplilearn Training Files\C6_DL_Learn_Spec\C6_DL_Learn_Spec\Data\CEP_Data\Automatic_Port_Operation\boat_type_classification_dataset\buoy\21_it.jpg
C:\Users\marti\OneDrive\Desktop\Horizon Archive\Simplilearn Training Files\C6_DL_Learn_Spec\C6_DL_Learn_Spec\Data\CEP_Data\Automatic_Port_Operation\boat_type_classification_dataset\buoy\22.jpg,C:\Users\marti\OneDrive\Desktop\Horizon Archive\Simplilearn Training Files\C6_DL_Learn_Spec\C6_DL_Learn_Spec\Data\CEP_Data\Automatic_Port_Operation\boat_type_classification_dataset\buoy\22_it.jpg
C:\Users\marti\OneDrive\Desktop\Horizon Archive\Simplilearn Training Files\C6_DL_Learn_Spec\C6_DL_Learn_Spec\Data\CEP_Data\Automatic_Port_Operation\boat_type_classification_dataset\buoy\23.jpg,C:\Users\marti\OneDrive\Desktop\Horizon Archive\Simplilearn Training Files\C6_DL_Learn_Spec\C6_DL_Learn_Spec\Data\CEP_Data\Automatic_Port_Operation\boat_type_classification_dataset\buoy\23_it.jpg
C:\Users\marti\OneDrive\Desktop\Horizon Archive\Simplilearn Training Files\C6_DL_Learn_Spec\C6_DL_Learn_Spec\Data\CEP_Data\Automatic_Port_Operation\boat_type_classification_dataset\buoy\24.jpg,C:\Users\marti\OneDrive\Desktop\Horizon Archive\Simplilearn Training Files\C6_DL_Learn_Spec\C6_DL_Learn_Spec\Data\CEP_Data\Automatic_Port_Operation\boat_type_classification_dataset\buoy\24_it.jpg
C:\Users\marti\OneDrive\Desktop\Horizon Archive\Simplilearn Training Files\C6_DL_Learn_Spec\C6_DL_Learn_Spec\Data\CEP_Data\Automatic_Port_Operation\boat_type_classification_dataset\buoy\25.jpg,C:\Users\marti\OneDrive\Desktop\Horizon Archive\Simplilearn Training Files\C6_DL_Learn_Spec\C6_DL_Learn_Spec\Data\CEP_Data\Automatic_Port_Operation\boat_type_classification_dataset\buoy\25_it.jpg
C:\Users\marti\OneDrive\Desktop\Horizon Archive\Simplilearn Training Files\C6_DL_Learn_Spec\C6_DL_Learn_Spec\Data\CEP_Data\Automatic_Port_Operation\boat_type_classification_dataset\buoy\26.jpg,C:\Users\marti\OneDrive\Desktop\Horizon Archive\Simplilearn Training Files\C6_DL_Learn_Spec\C6_DL_Learn_Spec\Data\CEP_Data\Automatic_Port_Operation\boat_type_classification_dataset\buoy\26_it.jpg
C:\Users\marti\OneDrive\Desktop\Horizon Archive\Simplilearn Training Files\C6_DL_Learn_Spec\C6_DL_Learn_Spec\Data\CEP_Data\Automatic_Port_Operation\boat_type_classification_dataset\buoy\27.jpg,C:\Users\marti\OneDrive\Desktop\Horizon Archive\Simplilearn Training Files\C6_DL_Learn_Spec\C6_DL_Learn_Spec\Data\CEP_Data\Automatic_Port_Operation\boat_type_classification_dataset\buoy\27_it.jpg
C:\Users\marti\OneDrive\Desktop\Horizon Archive\Simplilearn Training Files\C6_DL_Learn_Spec\C6_DL_Learn_Spec\Data\CEP_Data\Automatic_Port_Operation\boat_type_classification_dataset\buoy\28.jpg,C:\Users\marti\OneDrive\Desktop\Horizon Archive\Simplilearn Training Files\C6_DL_Learn_Spec\C6_DL_Learn_Spec\Data\CEP_Data\Automatic_Port_Operation\boat_type_classification_dataset\buoy\28_it.jpg
C:\Users\marti\OneDrive\Desktop\Horizon Archive\Simplilearn Training Files\C6_DL_Learn_Spec\C6_DL_Learn_Spec\Data\CEP_Data\Automatic_Port_Operation\boat_type_classification_dataset\buoy\29.jpg,C:\Users\marti\OneDrive\Desktop\Horizon Archive\Simplilearn Training Files\C6_DL_Learn_Spec\C6_DL_Learn_Spec\Data\CEP_Data\Automatic_Port_Operation\boat_type_classification_dataset\buoy\29_it.jpg
C:\Users\marti\OneDrive\Desktop\Horizon Archive\Simplilearn Training Files\C6_DL_Learn_Spec\C6_DL_Learn_Spec\Data\CEP_Data\Automatic_Port_Operation\boat_type_classification_dataset\buoy\30.jpg,C:\Users\marti\OneDrive\Desktop\Horizon Archive\Simplilearn Training Files\C6_DL_Learn_Spec\C6_DL_Learn_Spec\Data\CEP_Data\Automatic_Port_Operation\boat_type_classification_dataset\buoy\30_it.jpg
C:\Users\marti\OneDrive\Desktop\Horizon Archive\Simplilearn Training Files\C6_DL_Learn_Spec\C6_DL_Learn_Spec\Data\CEP_Data\Automatic_Port_Operation\boat_type_classification_dataset\buoy\31.jpg,C:\Users\marti\OneDrive\Desktop\Horizon Archive\Simplilearn Training Files\C6_DL_Learn_Spec\C6_DL_Learn_Spec\Data\CEP_Data\Automatic_Port_Operation\boat_type_classification_dataset\buoy\31_it.jpg
C:\Users\marti\OneDrive\Desktop\Horizon Archive\Simplilearn Training Files\C6_DL_Learn_Spec\C6_DL_Learn_Spec\Data\CEP_Data\Automatic_Port_Operation\boat_type_classification_dataset\buoy\32.jpg,C:\Users\marti\OneDrive\Desktop\Horizon Archive\Simplilearn Training Files\C6_DL_Learn_Spec\C6_DL_Learn_Spec\Data\CEP_Data\Automatic_Port_Operation\boat_type_classification_dataset\buoy\32_it.jpg
C:\Users\marti\OneDrive\Desktop\Horizon Archive\Simplilearn Training Files\C6_DL_Learn_Spec\C6_DL_Learn_Spec\Data\CEP_Data\Automatic_Port_Operation\boat_type_classification_dataset\buoy\33.jpg,C:\Users\marti\OneDrive\Desktop\Horizon Archive\Simplilearn Training Files\C6_DL_Learn_Spec\C6_DL_Learn_Spec\Data\CEP_Data\Automatic_Port_Operation\boat_type_classification_dataset\buoy\33_it.jpg
C:\Users\marti\OneDrive\Desktop\Horizon Archive\Simplilearn Training Files\C6_DL_Learn_Spec\C6_DL_Learn_Spec\Data\CEP_Data\Automatic_Port_Operation\boat_type_classification_dataset\buoy\34.jpg,C:\Users\marti\OneDrive\Desktop\Horizon Archive\Simplilearn Training Files\C6_DL_Learn_Spec\C6_DL_Learn_Spec\Data\CEP_Data\Automatic_Port_Operation\boat_type_classification_dataset\buoy\34_it.jpg
C:\Users\marti\OneDrive\Desktop\Horizon Archive\Simplilearn Training Files\C6_DL_Learn_Spec\C6_DL_Learn_Spec\Data\CEP_Data\Automatic_Port_Operation\boat_type_classification_dataset\buoy\35.jpg,C:\Users\marti\OneDrive\Desktop\Horizon Archive\Simplilearn Training Files\C6_DL_Learn_Spec\C6_DL_Learn_Spec\Data\CEP_Data\Automatic_Port_Operation\boat_type_classification_dataset\buoy\35_it.jpg
C:\Users\marti\OneDrive\Desktop\Horizon Archive\Simplilearn Training Files\C6_DL_Learn_Spec\C6_DL_Learn_Spec\Data\CEP_Data\Automatic_Port_Operation\boat_type_classification_dataset\buoy\36.jpg,C:\Users\marti\OneDrive\Desktop\Horizon Archive\Simplilearn Training Files\C6_DL_Learn_Spec\C6_DL_Learn_Spec\Data\CEP_Data\Automatic_Port_Operation\boat_type_classification_dataset\buoy\36_it.jpg
C:\Users\marti\OneDrive\Desktop\Horizon Archive\Simplilearn Training Files\C6_DL_Learn_Spec\C6_DL_Learn_Spec\Data\CEP_Data\Automatic_Port_Operation\boat_type_classification_dataset\buoy\37.jpg,C:\Users\marti\OneDrive\Desktop\Horizon Archive\Simplilearn Training Files\C6_DL_Learn_Spec\C6_DL_Learn_Spec\Data\CEP_Data\Automatic_Port_Operation\boat_type_classification_dataset\buoy\37_it.jpg
C:\Users\marti\OneDrive\Desktop\Horizon Archive\Simplilearn Training Files\C6_DL_Learn_Spec\C6_DL_Learn_Spec\Data\CEP_Data\Automatic_Port_Operation\boat_type_classification_dataset\buoy\38.jpg,C:\Users\marti\OneDrive\Desktop\Horizon Archive\Simplilearn Training Files\C6_DL_Learn_Spec\C6_DL_Learn_Spec\Data\CEP_Data\Automatic_Port_Operation\boat_type_classification_dataset\buoy\38_it.jpg
C:\Users\marti\OneDrive\Desktop\Horizon Archive\Simplilearn Training Files\C6_DL_Learn_Spec\C6_DL_Learn_Spec\Data\CEP_Data\Automatic_Port_Operation\boat_type_classification_dataset\buoy\39.jpg,C:\Users\marti\OneDrive\Desktop\Horizon Archive\Simplilearn Training Files\C6_DL_Learn_Spec\C6_DL_Learn_Spec\Data\CEP_Data\Automatic_Port_Operation\boat_type_classification_dataset\buoy\39_it.jpg
C:\Users\marti\OneDrive\Desktop\Horizon Archive\Simplilearn Training Files\C6_DL_Learn_Spec\C6_DL_Learn_Spec\Data\CEP_Data\Automatic_Port_Operation\boat_type_classification_dataset\buoy\40.jpg,C:\Users\marti\OneDrive\Desktop\Horizon Archive\Simplilearn Training Files\C6_DL_Learn_Spec\C6_DL_Learn_Spec\Data\CEP_Data\Automatic_Port_Operation\boat_type_classification_dataset\buoy\40_it.jpg
C:\Users\marti\OneDrive\Desktop\Horizon Archive\Simplilearn Training Files\C6_DL_Learn_Spec\C6_DL_Learn_Spec\Data\CEP_Data\Automatic_Port_Operation\boat_type_classification_dataset\buoy\41.jpg,C:\Users\marti\OneDrive\Desktop\Horizon Archive\Simplilearn Training Files\C6_DL_Learn_Spec\C6_DL_Learn_Spec\Data\CEP_Data\Automatic_Port_Operation\boat_type_classification_dataset\buoy\41_it.jpg
C:\Users\marti\OneDrive\Desktop\Horizon Archive\Simplilearn Training Files\C6_DL_Learn_Spec\C6_DL_Learn_Spec\Data\CEP_Data\Automatic_Port_Operation\boat_type_classification_dataset\buoy\42.jpg,C:\Users\marti\OneDrive\Desktop\Horizon Archive\Simplilearn Training Files\C6_DL_Learn_Spec\C6_DL_Learn_Spec\Data\CEP_Data\Automatic_Port_Operation\boat_type_classification_dataset\buoy\42_it.jpg
C:\Users\marti\OneDrive\Desktop\Horizon Archive\Simplilearn Training Files\C6_DL_Learn_Spec\C6_DL_Learn_Spec\Data\CEP_Data\Automatic_Port_Operation\boat_type_classification_dataset\buoy\43.jpg,C:\Users\marti\OneDrive\Desktop\Horizon Archive\Simplilearn Training Files\C6_DL_Learn_Spec\C6_DL_Learn_Spec\Data\CEP_Data\Automatic_Port_Operation\boat_type_classification_dataset\buoy\43_it.jpg
C:\Users\marti\OneDrive\Desktop\Horizon Archive\Simplilearn Training Files\C6_DL_Learn_Spec\C6_DL_Learn_Spec\Data\CEP_Data\Automatic_Port_Operation\boat_type_classification_dataset\buoy\44.jpg,C:\Users\marti\OneDrive\Desktop\Horizon Archive\Simplilearn Training Files\C6_DL_Learn_Spec\C6_DL_Learn_Spec\Data\CEP_Data\Automatic_Port_Operation\boat_type_classification_dataset\buoy\44_it.jpg
C:\Users\marti\OneDrive\Desktop\Horizon Archive\Simplilearn Training Files\C6_DL_Learn_Spec\C6_DL_Learn_Spec\Data\CEP_Data\Automatic_Port_Operation\boat_type_classification_dataset\buoy\45.jpg,C:\Users\marti\OneDrive\Desktop\Horizon Archive\Simplilearn Training Files\C6_DL_Learn_Spec\C6_DL_Learn_Spec\Data\CEP_Data\Automatic_Port_Operation\boat_type_classification_dataset\buoy\45_it.jpg
C:\Users\marti\OneDrive\Desktop\Horizon Archive\Simplilearn Training Files\C6_DL_Learn_Spec\C6_DL_Learn_Spec\Data\CEP_Data\Automatic_Port_Operation\boat_type_classification_dataset\buoy\46.jpg,C:\Users\marti\OneDrive\Desktop\Horizon Archive\Simplilearn Training Files\C6_DL_Learn_Spec\C6_DL_Learn_Spec\Data\CEP_Data\Automatic_Port_Operation\boat_type_classification_dataset\buoy\46_it.jpg
C:\Users\marti\OneDrive\Desktop\Horizon Archive\Simplilearn Training Files\C6_DL_Learn_Spec\C6_DL_Learn_Spec\Data\CEP_Data\Automatic_Port_Operation\boat_type_classification_dataset\buoy\47.jpg,C:\Users\marti\OneDrive\Desktop\Horizon Archive\Simplilearn Training Files\C6_DL_Learn_Spec\C6_DL_Learn_Spec\Data\CEP_Data\Automatic_Port_Operation\boat_type_classification_dataset\buoy\47_it.jpg
C:\Users\marti\OneDrive\Desktop\Horizon Archive\Simplilearn Training Files\C6_DL_Learn_Spec\C6_DL_Learn_Spec\Data\CEP_Data\Automatic_Port_Operation\boat_type_classification_dataset\buoy\48.jpg,C:\Users\marti\OneDrive\Desktop\Horizon Archive\Simplilearn Training Files\C6_DL_Learn_Spec\C6_DL_Learn_Spec\Data\CEP_Data\Automatic_Port_Operation\boat_type_classification_dataset\buoy\48_it.jpg
C:\Users\marti\OneDrive\Desktop\Horizon Archive\Simplilearn Training Files\C6_DL_Learn_Spec\C6_DL_Learn_Spec\Data\CEP_Data\Automatic_Port_Operation\boat_type_classification_dataset\buoy\49.jpg,C:\Users\marti\OneDrive\Desktop\Horizon Archive\Simplilearn Training Files\C6_DL_Learn_Spec\C6_DL_Learn_Spec\Data\CEP_Data\Automatic_Port_Operation\boat_type_classification_dataset\buoy\49_it.jpg
C:\Users\marti\OneDrive\Desktop\Horizon Archive\Simplilearn Training Files\C6_DL_Learn_Spec\C6_DL_Learn_Spec\Data\CEP_Data\Automatic_Port_Operation\boat_type_classification_dataset\buoy\50.jpg,C:\Users\marti\OneDrive\Desktop\Horizon Archive\Simplilearn Training Files\C6_DL_Learn_Spec\C6_DL_Learn_Spec\Data\CEP_Data\Automatic_Port_Operation\boat_type_classification_dataset\buoy\50_it.jpg
C:\Users\marti\OneDrive\Desktop\Horizon Archive\Simplilearn Training Files\C6_DL_Learn_Spec\C6_DL_Learn_Spec\Data\CEP_Data\Automatic_Port_Operation\boat_type_classification_dataset\buoy\51.jpg,C:\Users\marti\OneDrive\Desktop\Horizon Archive\Simplilearn Training Files\C6_DL_Learn_Spec\C6_DL_Learn_Spec\Data\CEP_Data\Automatic_Port_Operation\boat_type_classification_dataset\buoy\51_it.jpg
C:\Users\marti\OneDrive\Desktop\Horizon Archive\Simplilearn Training Files\C6_DL_Learn_Spec\C6_DL_Learn_Spec\Data\CEP_Data\Automatic_Port_Operation\boat_type_classification_dataset\buoy\52.jpg,C:\Users\marti\OneDrive\Desktop\Horizon Archive\Simplilearn Training Files\C6_DL_Learn_Spec\C6_DL_Learn_Spec\Data\CEP_Data\Automatic_Port_Operation\boat_type_classification_dataset\buoy\52_it.jpg
C:\Users\marti\OneDrive\Desktop\Horizon Archive\Simplilearn Training Files\C6_DL_Learn_Spec\C6_DL_Learn_Spec\Data\CEP_Data\Automatic_Port_Operation\boat_type_classification_dataset\buoy\53.jpg,C:\Users\marti\OneDrive\Desktop\Horizon Archive\Simplilearn Training Files\C6_DL_Learn_Spec\C6_DL_Learn_Spec\Data\CEP_Data\Automatic_Port_Operation\boat_type_classification_dataset\buoy\53_it.jpg
C:\Users\marti\OneDrive\Desktop\Horizon Archive\Simplilearn Training Files\C6_DL_Learn_Spec\C6_DL_Learn_Spec\Data\CEP_Data\Automatic_Port_Operation\boat_type_classification_dataset\kayak\1.jpg,C:\Users\marti\OneDrive\Desktop\Horizon Archive\Simplilearn Training Files\C6_DL_Learn_Spec\C6_DL_Learn_Spec\Data\CEP_Data\Automatic_Port_Operation\boat_type_classification_dataset\kayak\1_it.jpg
C:\Users\marti\OneDrive\Desktop\Horizon Archive\Simplilearn Training Files\C6_DL_Learn_Spec\C6_DL_Learn_Spec\Data\CEP_Data\Automatic_Port_Operation\boat_type_classification_dataset\kayak\2.jpg,C:\Users\marti\OneDrive\Desktop\Horizon Archive\Simplilearn Training Files\C6_DL_Learn_Spec\C6_DL_Learn_Spec\Data\CEP_Data\Automatic_Port_Operation\boat_type_classification_dataset\kayak\2_it.jpg
C:\Users\marti\OneDrive\Desktop\Horizon Archive\Simplilearn Training Files\C6_DL_Learn_Spec\C6_DL_Learn_Spec\Data\CEP_Data\Automatic_Port_Operation\boat_type_classification_dataset\kayak\3.jpg,C:\Users\marti\OneDrive\Desktop\Horizon Archive\Simplilearn Training Files\C6_DL_Learn_Spec\C6_DL_Learn_Spec\Data\CEP_Data\Automatic_Port_Operation\boat_type_classification_dataset\kayak\3_it.jpg
C:\Users\marti\OneDrive\Desktop\Horizon Archive\Simplilearn Training Files\C6_DL_Learn_Spec\C6_DL_Learn_Spec\Data\CEP_Data\Automatic_Port_Operation\boat_type_classification_dataset\kayak\4.jpg,C:\Users\marti\OneDrive\Desktop\Horizon Archive\Simplilearn Training Files\C6_DL_Learn_Spec\C6_DL_Learn_Spec\Data\CEP_Data\Automatic_Port_Operation\boat_type_classification_dataset\kayak\4_it.jpg
C:\Users\marti\OneDrive\Desktop\Horizon Archive\Simplilearn Training Files\C6_DL_Learn_Spec\C6_DL_Learn_Spec\Data\CEP_Data\Automatic_Port_Operation\boat_type_classification_dataset\kayak\5.jpg,C:\Users\marti\OneDrive\Desktop\Horizon Archive\Simplilearn Training Files\C6_DL_Learn_Spec\C6_DL_Learn_Spec\Data\CEP_Data\Automatic_Port_Operation\boat_type_classification_dataset\kayak\5_it.jpg
C:\Users\marti\OneDrive\Desktop\Horizon Archive\Simplilearn Training Files\C6_DL_Learn_Spec\C6_DL_Learn_Spec\Data\CEP_Data\Automatic_Port_Operation\boat_type_classification_dataset\kayak\6.jpg,C:\Users\marti\OneDrive\Desktop\Horizon Archive\Simplilearn Training Files\C6_DL_Learn_Spec\C6_DL_Learn_Spec\Data\CEP_Data\Automatic_Port_Operation\boat_type_classification_dataset\kayak\6_it.jpg
C:\Users\marti\OneDrive\Desktop\Horizon Archive\Simplilearn Training Files\C6_DL_Learn_Spec\C6_DL_Learn_Spec\Data\CEP_Data\Automatic_Port_Operation\boat_type_classification_dataset\kayak\7.jpg,C:\Users\marti\OneDrive\Desktop\Horizon Archive\Simplilearn Training Files\C6_DL_Learn_Spec\C6_DL_Learn_Spec\Data\CEP_Data\Automatic_Port_Operation\boat_type_classification_dataset\kayak\7_it.jpg
C:\Users\marti\OneDrive\Desktop\Horizon Archive\Simplilearn Training Files\C6_DL_Learn_Spec\C6_DL_Learn_Spec\Data\CEP_Data\Automatic_Port_Operation\boat_type_classification_dataset\kayak\8.jpg,C:\Users\marti\OneDrive\Desktop\Horizon Archive\Simplilearn Training Files\C6_DL_Learn_Spec\C6_DL_Learn_Spec\Data\CEP_Data\Automatic_Port_Operation\boat_type_classification_dataset\kayak\8_it.jpg
C:\Users\marti\OneDrive\Desktop\Horizon Archive\Simplilearn Training Files\C6_DL_Learn_Spec\C6_DL_Learn_Spec\Data\CEP_Data\Automatic_Port_Operation\boat_type_classification_dataset\kayak\9.jpg,C:\Users\marti\OneDrive\Desktop\Horizon Archive\Simplilearn Training Files\C6_DL_Learn_Spec\C6_DL_Learn_Spec\Data\CEP_Data\Automatic_Port_Operation\boat_type_classification_dataset\kayak\9_it.jpg
C:\Users\marti\OneDrive\Desktop\Horizon Archive\Simplilearn Training Files\C6_DL_Learn_Spec\C6_DL_Learn_Spec\Instr_Slides_NB\L11_Rec_Neural_Net\11.05_Part_1_Text_Classification_Using_RNN.ipynb,C:\Users\marti\OneDrive\Desktop\Horizon Archive\Simplilearn Training Files\C6_DL_Learn_Spec\C6_DL_Learn_Spec\Instr_Slides_NB\L11_Rec_Neural_Net\11.05_Part_1_Text_Clas_Usin.ipynb
C:\Users\marti\OneDrive\Desktop\Horizon Archive\Simplilearn Training Files\C6_DL_Learn_Spec\C6_DL_Learn_Spec\Data\CEP_Data\Automatic_Port_Operation\boat_type_classification_dataset\buoy\1.jpg,C:\Users\marti\OneDrive\Desktop\Horizon Archive\Simplilearn Training Files\C6_DL_Learn_Spec\C6_DL_Learn_Spec\Data\CEP_Data\Automatic_Port_Operation\boat_type_classification_dataset\buoy\1_it.jpg
C:\Users\marti\OneDrive\Desktop\Horizon Archive\Simplilearn Training Files\C6_DL_Learn_Spec\C6_DL_Learn_Spec\Data\CEP_Data\Automatic_Port_Operation\boat_type_classification_dataset\buoy\2.jpg,C:\Users\marti\OneDrive\Desktop\Horizon Archive\Simplilearn Training Files\C6_DL_Learn_Spec\C6_DL_Learn_Spec\Data\CEP_Data\Automatic_Port_Operation\boat_type_classification_dataset\buoy\2_it.jpg
C:\Users\marti\OneDrive\Desktop\Horizon Archive\Simplilearn Training Files\C6_DL_Learn_Spec\C6_DL_Learn_Spec\Data\CEP_Data\Automatic_Port_Operation\boat_type_classification_dataset\buoy\3.jpg,C:\Users\marti\OneDrive\Desktop\Horizon Archive\Simplilearn Training Files\C6_DL_Learn_Spec\C6_DL_Learn_Spec\Data\CEP_Data\Automatic_Port_Operation\boat_type_classification_dataset\buoy\3_it.jpg
C:\Users\marti\OneDrive\Desktop\Horizon Archive\Simplilearn Training Files\C6_DL_Learn_Spec\C6_DL_Learn_Spec\Data\CEP_Data\Automatic_Port_Operation\boat_type_classification_dataset\buoy\4.jpg,C:\Users\marti\OneDrive\Desktop\Horizon Archive\Simplilearn Training Files\C6_DL_Learn_Spec\C6_DL_Learn_Spec\Data\CEP_Data\Automatic_Port_Operation\boat_type_classification_dataset\buoy\4_it.jpg
C:\Users\marti\OneDrive\Desktop\Horizon Archive\Simplilearn Training Files\C6_DL_Learn_Spec\C6_DL_Learn_Spec\Data\CEP_Data\Automatic_Port_Operation\boat_type_classification_dataset\buoy\5.jpg,C:\Users\marti\OneDrive\Desktop\Horizon Archive\Simplilearn Training Files\C6_DL_Learn_Spec\C6_DL_Learn_Spec\Data\CEP_Data\Automatic_Port_Operation\boat_type_classification_dataset\buoy\5_it.jpg
C:\Users\marti\OneDrive\Desktop\Horizon Archive\Simplilearn Training Files\C6_DL_Learn_Spec\C6_DL_Learn_Spec\Data\CEP_Data\Automatic_Port_Operation\boat_type_classification_dataset\buoy\6.jpg,C:\Users\marti\OneDrive\Desktop\Horizon Archive\Simplilearn Training Files\C6_DL_Learn_Spec\C6_DL_Learn_Spec\Data\CEP_Data\Automatic_Port_Operation\boat_type_classification_dataset\buoy\6_it.jpg
C:\Users\marti\OneDrive\Desktop\Horizon Archive\Simplilearn Training Files\C6_DL_Learn_Spec\C6_DL_Learn_Spec\Data\CEP_Data\Automatic_Port_Operation\boat_type_classification_dataset\buoy\7.jpg,C:\Users\marti\OneDrive\Desktop\Horizon Archive\Simplilearn Training Files\C6_DL_Learn_Spec\C6_DL_Learn_Spec\Data\CEP_Data\Automatic_Port_Operation\boat_type_classification_dataset\buoy\7_it.jpg
C:\Users\marti\OneDrive\Desktop\Horizon Archive\Simplilearn Training Files\C6_DL_Learn_Spec\C6_DL_Learn_Spec\Data\CEP_Data\Automatic_Port_Operation\boat_type_classification_dataset\buoy\8.jpg,C:\Users\marti\OneDrive\Desktop\Horizon Archive\Simplilearn Training Files\C6_DL_Learn_Spec\C6_DL_Learn_Spec\Data\CEP_Data\Automatic_Port_Operation\boat_type_classification_dataset\buoy\8_it.jpg
C:\Users\marti\OneDrive\Desktop\Horizon Archive\Simplilearn Training Files\C6_DL_Learn_Spec\C6_DL_Learn_Spec\Data\CEP_Data\Automatic_Port_Operation\boat_type_classification_dataset\buoy\9.jpg,C:\Users\marti\OneDrive\Desktop\Horizon Archive\Simplilearn Training Files\C6_DL_Learn_Spec\C6_DL_Learn_Spec\Data\CEP_Data\Automatic_Port_Operation\boat_type_classification_dataset\buoy\9_it.jpg
C:\Users\marti\OneDrive\Desktop\Horizon Archive\Simplilearn Training Files\C6_DL_Learn_Spec\C6_DL_Learn_Spec\Instr_Slides_NB\L12_Transf_Models_for_NLP\Lesson_12_Transformer_Models_for_NLP.pdf,C:\Users\marti\OneDrive\Desktop\Horizon Archive\Simplilearn Training Files\C6_DL_Learn_Spec\C6_DL_Learn_Spec\Instr_Slides_NB\L12_Transf_Models_for_NLP\L12_Tran_Mode_for_NLP.pdf
C:\Users\marti\OneDrive\Desktop\Horizon Archive\Simplilearn Training Files\C4_Appl_Data_Sci_Py\C4_Appl_Data_Sci_Py\Instr_Slides_NB_Upd\Lesson_13_End_to_End_Statistics_Application_with_Python,C:\Users\marti\OneDrive\Desktop\Horizon Archive\Simplilearn Training Files\C4_Appl_Data_Sci_Py\C4_Appl_Data_Sci_Py\Instr_Slides_NB_Upd\L13_End_to_End_Stat_Ap
C:\Users\marti\OneDrive\Desktop\Horizon Archive\Simplilearn Training Files\C4_Appl_Data_Sci_Py\C4_Appl_Data_Sci_Py\Instr_Slides_NB_Upd\Lesson_09_Data_Wrangling\Lesson_09_Knowledge_Checks.pdf,C:\Users\marti\OneDrive\Desktop\Horizon Archive\Simplilearn Training Files\C4_Appl_Data_Sci_Py\C4_Appl_Data_Sci_Py\Instr_Slides_NB_Upd\Lesson_09_Data_Wrangling\L09_KC.pdf
C:\Users\marti\OneDrive\Desktop\Horizon Archive\Simplilearn Training Files\C6_DL_Learn_Spec\C6_DL_Learn_Spec\Instr_Slides_NB\L09_Transfer_Learn\9.04_Implementation_of_Transfer_Learning.ipynb,C:\Users\marti\OneDrive\Desktop\Horizon Archive\Simplilearn Training Files\C6_DL_Learn_Spec\C6_DL_Learn_Spec\Instr_Slides_NB\L09_Transfer_Learn\9.04_Impl_of_Tran.ipynb
C:\Users\marti\OneDrive\Desktop\Horizon Archive\Simplilearn Training Files\C5_ML_Learn_Using_Py\C5_ML_Learn_Using_Py\Data\Lesson_04_Supervised_Learning_ Classification_and_its_Application,C:\Users\marti\OneDrive\Desktop\Horizon Archive\Simplilearn Training Files\C5_ML_Learn_Using_Py\C5_ML_Learn_Using_Py\Data\L04_SupL_Clas_its_App
C:\Users\marti\OneDrive\Desktop\Horizon Archive\Simplilearn Training Files\C6_DL_Learn_Spec\C6_DL_Learn_Spec\Instr_Slides_NB\L12_Transf_Models_for_NLP\12.05_Introduction_to_BERT__V3.ipynb,C:\Users\marti\OneDrive\Desktop\Horizon Archive\Simplilearn Training Files\C6_DL_Learn_Spec\C6_DL_Learn_Spec\Instr_Slides_NB\L12_Transf_Models_for_NLP\12.05_Intro_BERT_V3.ipynb
C:\Users\marti\OneDrive\Desktop\Horizon Archive\Simplilearn Training Files\C4_Appl_Data_Sci_Py\C4_Appl_Data_Sci_Py\Data\L11_Data_Wrangling\11.08_Data_Binning_Formatting_and_Normalization,C:\Users\marti\OneDrive\Desktop\Horizon Archive\Simplilearn Training Files\C4_Appl_Data_Sci_Py\C4_Appl_Data_Sci_Py\Data\L11_Data_Wrangling\11.08_Data_Binn_Form_N
C:\Users\marti\OneDrive\Desktop\Horizon Archive\Simplilearn Training Files\C6_DL_Learn_Spec\C6_DL_Learn_Spec\Instr_Slides_NB\L10_Obj_Detect\10.07_Object_Detection_with_YOLO_updated.ipynb,C:\Users\marti\OneDrive\Desktop\Horizon Archive\Simplilearn Training Files\C6_DL_Learn_Spec\C6_DL_Learn_Spec\Instr_Slides_NB\L10_Obj_Detect\10.07_ObjD_with_YOLO_upda.ipynb
C:\Users\marti\OneDrive\Desktop\Horizon Archive\Simplilearn Training Files\C6_DL_Learn_Spec\C6_DL_Learn_Spec\Instr_Slides_NB\L03_Artif_Neural_Net\Lesson_03_Artificial_Neural_Network.pdf,C:\Users\marti\OneDrive\Desktop\Horizon Archive\Simplilearn Training Files\C6_DL_Learn_Spec\C6_DL_Learn_Spec\Instr_Slides_NB\L03_Artif_Neural_Net\L03_ANN.pdf
C:\Users\marti\OneDrive\Desktop\Horizon Archive\Simplilearn Training Files\C5_ML_Learn_Using_Py\C5_ML_Learn_Using_Py\Data\Lesson_03_Supervised_Learning_ Regression_and_its_Application,C:\Users\marti\OneDrive\Desktop\Horizon Archive\Simplilearn Training Files\C5_ML_Learn_Using_Py\C5_ML_Learn_Using_Py\Data\L03_SupL_Regr_its_App
C:\Users\marti\OneDrive\Desktop\Horizon Archive\Simplilearn Training Files\C6_DL_Learn_Spec\C6_DL_Learn_Spec\Instr_Slides_NB\L05_TensorFlow\5.03_Hands_on_with_TensorFlow__Part_A.ipynb,C:\Users\marti\OneDrive\Desktop\Horizon Archive\Simplilearn Training Files\C6_DL_Learn_Spec\C6_DL_Learn_Spec\Instr_Slides_NB\L05_TensorFlow\5.03_Hand_on_with_Tens_Part.ipynb
C:\Users\marti\OneDrive\Desktop\Horizon Archive\Simplilearn Training Files\C4_Appl_Data_Sci_Py\C4_Appl_Data_Sci_Py\Data\L12_Data_Viz\12.14_Using_Matplotlib_with_Other_Python_Packages,C:\Users\marti\OneDrive\Desktop\Horizon Archive\Simplilearn Training Files\C4_Appl_Data_Sci_Py\C4_Appl_Data_Sci_Py\Data\L12_Data_Viz\12.14_Usin_Matp_with_O
C:\Users\marti\OneDrive\Desktop\Horizon Archive\Simplilearn Training Files\C5_ML_Learn_Using_Py\C5_ML_Learn_Using_Py\Instr_Slides_NBs\L05_Ensemble_Learn\Lesson_5_Knowledge_Checks.pdf,C:\Users\marti\OneDrive\Desktop\Horizon Archive\Simplilearn Training Files\C5_ML_Learn_Using_Py\C5_ML_Learn_Using_Py\Instr_Slides_NBs\L05_Ensemble_Learn\L5_KC.pdf
C:\Users\marti\OneDrive\Desktop\Horizon Archive\Simplilearn Training Files\C6_DL_Learn_Spec\C6_DL_Learn_Spec\Instr_Slides_NB\L05_TensorFlow\5.02_Introduction_to_Tensors_Updated.ipynb,C:\Users\marti\OneDrive\Desktop\Horizon Archive\Simplilearn Training Files\C6_DL_Learn_Spec\C6_DL_Learn_Spec\Instr_Slides_NB\L05_TensorFlow\5.02_Intro_Tensors_Upd.ipynb
C:\Users\marti\OneDrive\Desktop\Horizon Archive\Simplilearn Training Files\C6_DL_Learn_Spec\C6_DL_Learn_Spec\Instr_Slides_NB\L05_TensorFlow\5.11_Hands_on_with_TensorFlow_Part_B.ipynb,C:\Users\marti\OneDrive\Desktop\Horizon Archive\Simplilearn Training Files\C6_DL_Learn_Spec\C6_DL_Learn_Spec\Instr_Slides_NB\L05_TensorFlow\5.11_Hand_on_with_Tens_Part.ipynb
C:\Users\marti\OneDrive\Desktop\Horizon Archive\Simplilearn Training Files\C6_DL_Learn_Spec\C6_DL_Learn_Spec\Instr_Slides_NB\L11_Rec_Neural_Net\Lesson_11_Recurrent_Neural_Network.pdf,C:\Users\marti\OneDrive\Desktop\Horizon Archive\Simplilearn Training Files\C6_DL_Learn_Spec\C6_DL_Learn_Spec\Instr_Slides_NB\L11_Rec_Neural_Net\L11_RNN.pdf
C:\Users\marti\OneDrive\Desktop\Horizon Archive\Simplilearn Training Files\C6_DL_Learn_Spec\C6_DL_Learn_Spec\Instr_Slides_NB\Lesson_07_Model_Optimization_and_Performance_Improvement,C:\Users\marti\OneDrive\Desktop\Horizon Archive\Simplilearn Training Files\C6_DL_Learn_Spec\C6_DL_Learn_Spec\Instr_Slides_NB\L07_Mode_Opti_Perf_Imp
C:\Users\marti\OneDrive\Desktop\Horizon Archive\Simplilearn Training Files\C4_Appl_Data_Sci_Py\C4_Appl_Data_Sci_Py\Data\L11_Data_Wrangling\11.02_Pandorable_or_Idiomatic_Pandas_Code,C:\Users\marti\OneDrive\Desktop\Horizon Archive\Simplilearn Training Files\C4_Appl_Data_Sci_Py\C4_Appl_Data_Sci_Py\Data\L11_Data_Wrangling\11.02_Pand_or_Idio_Pan
C:\Users\marti\OneDrive\Desktop\Horizon Archive\Simplilearn Training Files\C5_ML_Learn_Using_Py\C5_ML_Learn_Using_Py\Data\L06_Unsup_Learn_Algos\6.1_Unsupervised_Learning_Algorithms,C:\Users\marti\OneDrive\Desktop\Horizon Archive\Simplilearn Training Files\C5_ML_Learn_Using_Py\C5_ML_Learn_Using_Py\Data\L06_Unsup_Learn_Algos\6.1_UnsupLearn_Algos
C:\Users\marti\OneDrive\Desktop\Horizon Archive\Simplilearn Training Files\C5_ML_Learn_Using_Py\C5_ML_Learn_Using_Py\Data\L06_Unsup_Learn_Algos\6.2_Unsupervised_Learning_Algorithms,C:\Users\marti\OneDrive\Desktop\Horizon Archive\Simplilearn Training Files\C5_ML_Learn_Using_Py\C5_ML_Learn_Using_Py\Data\L06_Unsup_Learn_Algos\6.2_UnsupLearn_Algos
C:\Users\marti\OneDrive\Desktop\Horizon Archive\Simplilearn Training Files\C5_ML_Learn_Using_Py\C5_ML_Learn_Using_Py\Instr_Slides_NBs\L07_Reco_Systems\Lesson_7_Knowledge_Checks.pdf,C:\Users\marti\OneDrive\Desktop\Horizon Archive\Simplilearn Training Files\C5_ML_Learn_Using_Py\C5_ML_Learn_Using_Py\Instr_Slides_NBs\L07_Reco_Systems\L7_KC.pdf
C:\Users\marti\OneDrive\Desktop\Horizon Archive\Simplilearn Training Files\C6_DL_Learn_Spec\C6_DL_Learn_Spec\Data\CEP_Data\Automatic_Port_Operation\boat_type_classification_dataset,C:\Users\marti\OneDrive\Desktop\Horizon Archive\Simplilearn Training Files\C6_DL_Learn_Spec\C6_DL_Learn_Spec\Data\CEP_Data\Automatic_Port_Operation\boat_type_clas_data
C:\Users\marti\OneDrive\Desktop\Horizon Archive\Simplilearn Training Files\C6_DL_Learn_Spec\C6_DL_Learn_Spec\Instr_Slides_NB\L05_TensorFlow\5.04_Training_DNN_Using_TensorFlow.ipynb,C:\Users\marti\OneDrive\Desktop\Horizon Archive\Simplilearn Training Files\C6_DL_Learn_Spec\C6_DL_Learn_Spec\Instr_Slides_NB\L05_TensorFlow\5.04_Trai_DNN_Usin_Tens.ipynb
C:\Users\marti\OneDrive\Desktop\Horizon Archive\Simplilearn Training Files\C6_DL_Learn_Spec\C6_DL_Learn_Spec\Instr_Slides_NB\L05_TensorFlow\5.09_Sequential_APIs_in_TensorFlow.ipynb,C:\Users\marti\OneDrive\Desktop\Horizon Archive\Simplilearn Training Files\C6_DL_Learn_Spec\C6_DL_Learn_Spec\Instr_Slides_NB\L05_TensorFlow\5.09_Sequ_APIs_in_Tens.ipynb
C:\Users\marti\OneDrive\Desktop\Horizon Archive\Simplilearn Training Files\C6_DL_Learn_Spec\C6_DL_Learn_Spec\Instr_Slides_NB\L05_TensorFlow\5.10_Functional_APIs_in_TensorFlow.ipynb,C:\Users\marti\OneDrive\Desktop\Horizon Archive\Simplilearn Training Files\C6_DL_Learn_Spec\C6_DL_Learn_Spec\Instr_Slides_NB\L05_TensorFlow\5.10_Func_APIs_in_Tens.ipynb
C:\Users\marti\OneDrive\Desktop\Horizon Archive\Simplilearn Training Files\C5_ML_Learn_Using_Py\C5_ML_Learn_Using_Py\Instr_Slides_NBs\L01_C_Intro\Lesson_1_Course_Introduction.pdf,C:\Users\marti\OneDrive\Desktop\Horizon Archive\Simplilearn Training Files\C5_ML_Learn_Using_Py\C5_ML_Learn_Using_Py\Instr_Slides_NBs\L01_C_Intro\L1_Course_Intro.pdf
C:\Users\marti\OneDrive\Desktop\Horizon Archive\Simplilearn Training Files\C4_Appl_Data_Sci_Py\C4_Appl_Data_Sci_Py\Instr_Slides_NB_Upd\Lesson_06_Math and Statistics Fundamentals,C:\Users\marti\OneDrive\Desktop\Horizon Archive\Simplilearn Training Files\C4_Appl_Data_Sci_Py\C4_Appl_Data_Sci_Py\Instr_Slides_NB_Upd\L06_Math_Stat_Fund
C:\Users\marti\OneDrive\Desktop\Horizon Archive\Simplilearn Training Files\C6_DL_Learn_Spec\C6_DL_Learn_Spec\Data\L03_Artif_Neural_Net\3.04_Perceptron_Based_Classification_Model,C:\Users\marti\OneDrive\Desktop\Horizon Archive\Simplilearn Training Files\C6_DL_Learn_Spec\C6_DL_Learn_Spec\Data\L03_Artif_Neural_Net\3.04_Perc_Base_Clas_Mo
C:\Users\marti\OneDrive\Desktop\Horizon Archive\Simplilearn Training Files\C3_Py_for_AI\C3_Py_for_AI\Demos\L02_Data_Struct_Cond_Stmt_Lo\Demo_5_Unders_If_Elif_Condit_Loops.ipynb,C:\Users\marti\OneDrive\Desktop\Horizon Archive\Simplilearn Training Files\C3_Py_for_AI\C3_Py_for_AI\Demos\L02_Data_Struct_Cond_Stmt_Lo\Demo_5_Unde_If_Elif_Cond_Loo.ipynb
C:\Users\marti\OneDrive\Desktop\Horizon Archive\Simplilearn Training Files\C3_Py_for_AI\C3_Py_for_AI\Demos\L03_Funcs_OOPs_File_Err_Hand\Demo_4_Genera_Lambda_Built_in_Func.ipynb,C:\Users\marti\OneDrive\Desktop\Horizon Archive\Simplilearn Training Files\C3_Py_for_AI\C3_Py_for_AI\Demos\L03_Funcs_OOPs_File_Err_Hand\Demo_4_Gene_Lamb_Buil_in_Fun.ipynb
C:\Users\marti\OneDrive\Desktop\Horizon Archive\Simplilearn Training Files\C4_Appl_Data_Sci_Py\C4_Appl_Data_Sci_Py\Data\L11_Data_Wrangling\11.03_Loading_Indexing_and_Reindexing,C:\Users\marti\OneDrive\Desktop\Horizon Archive\Simplilearn Training Files\C4_Appl_Data_Sci_Py\C4_Appl_Data_Sci_Py\Data\L11_Data_Wrangling\11.03_Load_Inde_Rein
C:\Users\marti\OneDrive\Desktop\Horizon Archive\Simplilearn Training Files\C5_ML_Learn_Using_Py\C5_ML_Learn_Using_Py\Instr_Slides_NBs\Lesson_02_Introduction_to_Machine_Learning,C:\Users\marti\OneDrive\Desktop\Horizon Archive\Simplilearn Training Files\C5_ML_Learn_Using_Py\C5_ML_Learn_Using_Py\Instr_Slides_NBs\L02_Intro_ML
C:\Users\marti\OneDrive\Desktop\Horizon Archive\Simplilearn Training Files\C5_ML_Learn_Using_Py\C5_ML_Learn_Using_Py\Instr_Slides_NBs\Lesson_06_Unsupervised_Learning_Algorithms,C:\Users\marti\OneDrive\Desktop\Horizon Archive\Simplilearn Training Files\C5_ML_Learn_Using_Py\C5_ML_Learn_Using_Py\Instr_Slides_NBs\L06_UnsupLearn_Algos
C:\Users\marti\OneDrive\Desktop\Horizon Archive\Simplilearn Training Files\C6_DL_Learn_Spec\C6_DL_Learn_Spec\Instr_Slides_NB\L04_DL_Neural_Net\Lesson_04_Deep_Neural_Network.pdf,C:\Users\marti\OneDrive\Desktop\Horizon Archive\Simplilearn Training Files\C6_DL_Learn_Spec\C6_DL_Learn_Spec\Instr_Slides_NB\L04_DL_Neural_Net\L04_Deep_Neural_Network.pdf
C:\Users\marti\OneDrive\Desktop\Horizon Archive\Simplilearn Training Files\C3_Py_for_AI\C3_Py_for_AI\Demos\L03_Funcs_OOPs_File_Err_Hand\Demo_1_Function_Argument_Matching.ipynb,C:\Users\marti\OneDrive\Desktop\Horizon Archive\Simplilearn Training Files\C3_Py_for_AI\C3_Py_for_AI\Demos\L03_Funcs_OOPs_File_Err_Hand\Demo_1_Func_Argu_Matc.ipynb
C:\Users\marti\OneDrive\Desktop\Horizon Archive\Simplilearn Training Files\C4_Appl_Data_Sci_Py\C4_Appl_Data_Sci_Py\Data\Lesson_13_End_to_End_Statistics_Application_with_Python,C:\Users\marti\OneDrive\Desktop\Horizon Archive\Simplilearn Training Files\C4_Appl_Data_Sci_Py\C4_Appl_Data_Sci_Py\Data\L13_End_to_End_Stat_Ap
C:\Users\marti\OneDrive\Desktop\Horizon Archive\Simplilearn Training Files\C6_DL_Learn_Spec\C6_DL_Learn_Spec\Instr_Slides_NB\L09_Transfer_Learn\Lesson_09_Transfer_Learning.pdf,C:\Users\marti\OneDrive\Desktop\Horizon Archive\Simplilearn Training Files\C6_DL_Learn_Spec\C6_DL_Learn_Spec\Instr_Slides_NB\L09_Transfer_Learn\L09_TransferLearn.pdf
C:\Users\marti\OneDrive\Desktop\Horizon Archive\Simplilearn Training Files\C3_Py_for_AI\C3_Py_for_AI\Demos\L04_Practi_Use_AI_Code_Gen_T\Demo_01_Instal_GitHub_Copilo_in_Vi.pdf,C:\Users\marti\OneDrive\Desktop\Horizon Archive\Simplilearn Training Files\C3_Py_for_AI\C3_Py_for_AI\Demos\L04_Practi_Use_AI_Code_Gen_T\Demo_01_Inst_GitH_Copi_in_Vi.pdf
C:\Users\marti\OneDrive\Desktop\Horizon Archive\Simplilearn Training Files\C3_Py_for_AI\C3_Py_for_AI\Demos\L04_Practi_Use_AI_Code_Gen_T\Demo_02_Custom_Copilo_Settin_in_VS.pdf,C:\Users\marti\OneDrive\Desktop\Horizon Archive\Simplilearn Training Files\C3_Py_for_AI\C3_Py_for_AI\Demos\L04_Practi_Use_AI_Code_Gen_T\Demo_02_Cust_Copi_Sett_in_VS.pdf
C:\Users\marti\OneDrive\Desktop\Horizon Archive\Simplilearn Training Files\C3_Py_for_AI\C3_Py_for_AI\Demos\L04_Practi_Use_AI_Code_Gen_T\Demo_03_Analyz_AI_Respon_Differ_Pr.pdf,C:\Users\marti\OneDrive\Desktop\Horizon Archive\Simplilearn Training Files\C3_Py_for_AI\C3_Py_for_AI\Demos\L04_Practi_Use_AI_Code_Gen_T\Demo_03_Anal_AI_Resp_Diff_Pr.pdf
C:\Users\marti\OneDrive\Desktop\Horizon Archive\Simplilearn Training Files\C3_Py_for_AI\C3_Py_for_AI\Demos\L04_Practi_Use_AI_Code_Gen_T\Demo_04_Creati_Functi_Using_GitHub.pdf,C:\Users\marti\OneDrive\Desktop\Horizon Archive\Simplilearn Training Files\C3_Py_for_AI\C3_Py_for_AI\Demos\L04_Practi_Use_AI_Code_Gen_T\Demo_04_Crea_Func_Usin_GitH.pdf
C:\Users\marti\OneDrive\Desktop\Horizon Archive\Simplilearn Training Files\C3_Py_for_AI\C3_Py_for_AI\Demos\L04_Practi_Use_AI_Code_Gen_T\Demo_05_Debugg_AI_Genera_Code_Usin.pdf,C:\Users\marti\OneDrive\Desktop\Horizon Archive\Simplilearn Training Files\C3_Py_for_AI\C3_Py_for_AI\Demos\L04_Practi_Use_AI_Code_Gen_T\Demo_05_Debu_AI_Gene_Code_Us.pdf
C:\Users\marti\OneDrive\Desktop\Horizon Archive\Simplilearn Training Files\C4_Appl_Data_Sci_Py\C4_Appl_Data_Sci_Py\Data\L11_Data_Wrangling\11.05_Memory_Optimization_in_Python,C:\Users\marti\OneDrive\Desktop\Horizon Archive\Simplilearn Training Files\C4_Appl_Data_Sci_Py\C4_Appl_Data_Sci_Py\Data\L11_Data_Wrangling\11.05_Memo_Opti_in_Pyt
C:\Users\marti\OneDrive\Desktop\Horizon Archive\Simplilearn Training Files\C4_Appl_Data_Sci_Py\C4_Appl_Data_Sci_Py\Data\L12_Data_Viz\12.03_Visualizing_Data_Using_Pivot_Tables,C:\Users\marti\OneDrive\Desktop\Horizon Archive\Simplilearn Training Files\C4_Appl_Data_Sci_Py\C4_Appl_Data_Sci_Py\Data\L12_Data_Viz\12.03_Visu_Data_Usin_P
C:\Users\marti\OneDrive\Desktop\Horizon Archive\Simplilearn Training Files\C4_Appl_Data_Sci_Py\C4_Appl_Data_Sci_Py\Instr_Slides_NB_Upd\L03_NumPy\3.01_Numpy_Introduction.ipynb,C:\Users\marti\OneDrive\Desktop\Horizon Archive\Simplilearn Training Files\C4_Appl_Data_Sci_Py\C4_Appl_Data_Sci_Py\Instr_Slides_NB_Upd\L03_NumPy\3.01_NumPy_Intro.ipynb
C:\Users\marti\OneDrive\Desktop\Horizon Archive\Simplilearn Training Files\C4_Appl_Data_Sci_Py\C4_Appl_Data_Sci_Py\Instr_Slides_NB_Upd\L03_NumPy\Lesson_03_Knowledge_Check.pdf,C:\Users\marti\OneDrive\Desktop\Horizon Archive\Simplilearn Training Files\C4_Appl_Data_Sci_Py\C4_Appl_Data_Sci_Py\Instr_Slides_NB_Upd\L03_NumPy\L03_KC.pdf
C:\Users\marti\OneDrive\Desktop\Horizon Archive\Simplilearn Training Files\C3_Py_for_AI\C3_Py_for_AI\Demos\L03_Funcs_OOPs_File_Err_Hand\Demo_5_Class_Attributes_Methods.ipynb,C:\Users\marti\OneDrive\Desktop\Horizon Archive\Simplilearn Training Files\C3_Py_for_AI\C3_Py_for_AI\Demos\L03_Funcs_OOPs_File_Err_Hand\Demo_5_Clas_Attr_Meth.ipynb
C:\Users\marti\OneDrive\Desktop\Horizon Archive\Simplilearn Training Files\C4_Appl_Data_Sci_Py\C4_Appl_Data_Sci_Py\Instr_Slides_NB_Upd\Lesson_02_Introduction_to_Data_Science,C:\Users\marti\OneDrive\Desktop\Horizon Archive\Simplilearn Training Files\C4_Appl_Data_Sci_Py\C4_Appl_Data_Sci_Py\Instr_Slides_NB_Upd\L02_Intro_DataSci
C:\Users\marti\OneDrive\Desktop\Horizon Archive\Simplilearn Training Files\C4_Appl_Data_Sci_Py\C4_Appl_Data_Sci_Py\Data\L11_Data_Wrangling\11.09_Data_Binning_Standardization,C:\Users\marti\OneDrive\Desktop\Horizon Archive\Simplilearn Training Files\C4_Appl_Data_Sci_Py\C4_Appl_Data_Sci_Py\Data\L11_Data_Wrangling\11.09_Data_Binn_Stan
C:\Users\marti\OneDrive\Desktop\Horizon Archive\Simplilearn Training Files\C6_DL_Learn_Spec\C6_DL_Learn_Spec\Data\L09_Transfer_Learn\8.05_Implementation_of_Transfer_Learning,C:\Users\marti\OneDrive\Desktop\Horizon Archive\Simplilearn Training Files\C6_DL_Learn_Spec\C6_DL_Learn_Spec\Data\L09_Transfer_Learn\8.05_Impl_of_Tran
C:\Users\marti\OneDrive\Desktop\Horizon Archive\Simplilearn Training Files\C6_DL_Learn_Spec\C6_DL_Learn_Spec\Instr_Slides_NB\L06_PyTorch\Example_MNIST_Digit_Classifier.ipynb,C:\Users\marti\OneDrive\Desktop\Horizon Archive\Simplilearn Training Files\C6_DL_Learn_Spec\C6_DL_Learn_Spec\Instr_Slides_NB\L06_PyTorch\Exam_MNIS_Digi_Clas.ipynb
C:\Users\marti\OneDrive\Desktop\Horizon Archive\Simplilearn Training Files\C3_Py_for_AI\C3_Py_for_AI\Demos\L02_Data_Struct_Cond_Stmt_Lo\Demo_3_Work_Dictionaries_in_Py.ipynb,C:\Users\marti\OneDrive\Desktop\Horizon Archive\Simplilearn Training Files\C3_Py_for_AI\C3_Py_for_AI\Demos\L02_Data_Struct_Cond_Stmt_Lo\Demo_3_Work_Dict_in_Py.ipynb
C:\Users\marti\OneDrive\Desktop\Horizon Archive\Simplilearn Training Files\C3_Py_for_AI\C3_Py_for_AI\Demos\L02_Data_Struct_Cond_Stmt_Lo\Demo_6_Understa_Comprehe_in_Py.ipynb,C:\Users\marti\OneDrive\Desktop\Horizon Archive\Simplilearn Training Files\C3_Py_for_AI\C3_Py_for_AI\Demos\L02_Data_Struct_Cond_Stmt_Lo\Demo_6_Unde_Comp_in_Py.ipynb
C:\Users\marti\OneDrive\Desktop\Horizon Archive\Simplilearn Training Files\C4_Appl_Data_Sci_Py\C4_Appl_Data_Sci_Py\Data\L12_Data_Viz\12.13_Matplotlib_for_3D_Visualization,C:\Users\marti\OneDrive\Desktop\Horizon Archive\Simplilearn Training Files\C4_Appl_Data_Sci_Py\C4_Appl_Data_Sci_Py\Data\L12_Data_Viz\12.13_Matp_for_3D_Viz
C:\Users\marti\OneDrive\Desktop\Horizon Archive\Simplilearn Training Files\C6_DL_Learn_Spec\C6_DL_Learn_Spec\Instr_Slides_NB\L01_C_Intro\Lesson_01_Course_Introduction.pdf,C:\Users\marti\OneDrive\Desktop\Horizon Archive\Simplilearn Training Files\C6_DL_Learn_Spec\C6_DL_Learn_Spec\Instr_Slides_NB\L01_C_Intro\L01_Course_Intro.pdf
C:\Users\marti\OneDrive\Desktop\Horizon Archive\Simplilearn Training Files\C6_DL_Learn_Spec\C6_DL_Learn_Spec\Instr_Slides_NB\L10_Obj_Detect\Lesson_10_Object_Detection.pdf,C:\Users\marti\OneDrive\Desktop\Horizon Archive\Simplilearn Training Files\C6_DL_Learn_Spec\C6_DL_Learn_Spec\Instr_Slides_NB\L10_Obj_Detect\L10_ObjDetect.pdf
C:\Users\marti\OneDrive\Desktop\Horizon Archive\Simplilearn Training Files\C3_Py_for_AI\C3_Py_for_AI\Demos\L01_Intro_Py_Fund_Setup\Demo_02_Instal_Jupyte_NB_Using_Ana.pdf,C:\Users\marti\OneDrive\Desktop\Horizon Archive\Simplilearn Training Files\C3_Py_for_AI\C3_Py_for_AI\Demos\L01_Intro_Py_Fund_Setup\Demo_02_Inst_Jupy_NB_Usin_An.pdf
C:\Users\marti\OneDrive\Desktop\Horizon Archive\Simplilearn Training Files\C3_Py_for_AI\C3_Py_for_AI\Demos\L01_Intro_Py_Fund_Setup\Demo_03_Setting_Up_Google_Colab_NB.pdf,C:\Users\marti\OneDrive\Desktop\Horizon Archive\Simplilearn Training Files\C3_Py_for_AI\C3_Py_for_AI\Demos\L01_Intro_Py_Fund_Setup\Demo_03_Sett_Up_Goog_Cola_NB.pdf
C:\Users\marti\OneDrive\Desktop\Horizon Archive\Simplilearn Training Files\C3_Py_for_AI\C3_Py_for_AI\Demos\L01_Intro_Py_Fund_Setup\Demo_04_Writing_Running_Py_Program.pdf,C:\Users\marti\OneDrive\Desktop\Horizon Archive\Simplilearn Training Files\C3_Py_for_AI\C3_Py_for_AI\Demos\L01_Intro_Py_Fund_Setup\Demo_04_Writ_Runn_Py_Prog.pdf
C:\Users\marti\OneDrive\Desktop\Horizon Archive\Simplilearn Training Files\C3_Py_for_AI\C3_Py_for_AI\Demos\L01_Intro_Py_Fund_Setup\Demo_05_Storin_User_Inform_Using_D.pdf,C:\Users\marti\OneDrive\Desktop\Horizon Archive\Simplilearn Training Files\C3_Py_for_AI\C3_Py_for_AI\Demos\L01_Intro_Py_Fund_Setup\Demo_05_Stor_User_Info_Usin.pdf
C:\Users\marti\OneDrive\Desktop\Horizon Archive\Simplilearn Training Files\C3_Py_for_AI\C3_Py_for_AI\Demos\L01_Intro_Py_Fund_Setup\Demo_06_Compar_Number_Using_Py_Ope.pdf,C:\Users\marti\OneDrive\Desktop\Horizon Archive\Simplilearn Training Files\C3_Py_for_AI\C3_Py_for_AI\Demos\L01_Intro_Py_Fund_Setup\Demo_06_Comp_Numb_Usin_Py_Op.pdf
C:\Users\marti\OneDrive\Desktop\Horizon Archive\Simplilearn Training Files\C4_Appl_Data_Sci_Py\C4_Appl_Data_Sci_Py\Instr_Slides_NB_Upd\Lesson_07_Probability_Distribution,C:\Users\marti\OneDrive\Desktop\Horizon Archive\Simplilearn Training Files\C4_Appl_Data_Sci_Py\C4_Appl_Data_Sci_Py\Instr_Slides_NB_Upd\L07_Prob_Dist
C:\Users\marti\OneDrive\Desktop\Horizon Archive\Simplilearn Training Files\C6_DL_Learn_Spec\C6_DL_Learn_Spec\Instr_Slides_NB\Lesson_13_Getting_Started_with_Autoencoders,C:\Users\marti\OneDrive\Desktop\Horizon Archive\Simplilearn Training Files\C6_DL_Learn_Spec\C6_DL_Learn_Spec\Instr_Slides_NB\L13_GetStart_AutoEnc
C:\Users\marti\OneDrive\Desktop\Horizon Archive\Simplilearn Training Files\C3_Py_for_AI\C3_Py_for_AI\Demos\L01_Intro_Py_Fund_Setup\Demo_01_Instal_Settin_Up_VS_Code.pdf,C:\Users\marti\OneDrive\Desktop\Horizon Archive\Simplilearn Training Files\C3_Py_for_AI\C3_Py_for_AI\Demos\L01_Intro_Py_Fund_Setup\Demo_01_Inst_Sett_Up_VS_Code.pdf
C:\Users\marti\OneDrive\Desktop\Horizon Archive\Simplilearn Training Files\C4_Appl_Data_Sci_Py\C4_Appl_Data_Sci_Py\Data\L12_Data_Viz\12.12_Introduction_to_Matplotlib,C:\Users\marti\OneDrive\Desktop\Horizon Archive\Simplilearn Training Files\C4_Appl_Data_Sci_Py\C4_Appl_Data_Sci_Py\Data\L12_Data_Viz\12.12_Intro_Matplot
C:\Users\marti\OneDrive\Desktop\Horizon Archive\Simplilearn Training Files\C6_DL_Learn_Spec\C6_DL_Learn_Spec\Incr_Cap\Cap_Session_12\Dental-Panaromic-Autoencoder.npz,C:\Users\marti\OneDrive\Desktop\Horizon Archive\Simplilearn Training Files\C6_DL_Learn_Spec\C6_DL_Learn_Spec\Incr_Cap\Cap_Session_12\Dental_Panaromic_Autoencoder.npz
C:\Users\marti\OneDrive\Desktop\Horizon Archive\Simplilearn Training Files\C4_Appl_Data_Sci_Py\C4_Appl_Data_Sci_Py\Instr_Slides_NB_Upd\Lesson_01_Course_Introduction,C:\Users\marti\OneDrive\Desktop\Horizon Archive\Simplilearn Training Files\C4_Appl_Data_Sci_Py\C4_Appl_Data_Sci_Py\Instr_Slides_NB_Upd\L01_Course_Intro
C:\Users\marti\OneDrive\Desktop\Horizon Archive\Simplilearn Training Files\C4_Appl_Data_Sci_Py\C4_Appl_Data_Sci_Py\Instr_Slides_NB_Upd\Lesson_04_Working_With_Pandas,C:\Users\marti\OneDrive\Desktop\Horizon Archive\Simplilearn Training Files\C4_Appl_Data_Sci_Py\C4_Appl_Data_Sci_Py\Instr_Slides_NB_Upd\L04_Work_With_Pand
C:\Users\marti\OneDrive\Desktop\Horizon Archive\Simplilearn Training Files\C4_Appl_Data_Sci_Py\C4_Appl_Data_Sci_Py\Instr_Slides_NB_Upd\Lesson_08_Advanced_Statistics,C:\Users\marti\OneDrive\Desktop\Horizon Archive\Simplilearn Training Files\C4_Appl_Data_Sci_Py\C4_Appl_Data_Sci_Py\Instr_Slides_NB_Upd\L08_Advanced_Stats
C:\Users\marti\OneDrive\Desktop\Horizon Archive\Simplilearn Training Files\C4_Appl_Data_Sci_Py\C4_Appl_Data_Sci_Py\Instr_Slides_NB_Upd\Lesson_10_Feature_Engineering,C:\Users\marti\OneDrive\Desktop\Horizon Archive\Simplilearn Training Files\C4_Appl_Data_Sci_Py\C4_Appl_Data_Sci_Py\Instr_Slides_NB_Upd\L10_Feat_Engi
C:\Users\marti\OneDrive\Desktop\Horizon Archive\Simplilearn Training Files\C6_DL_Learn_Spec\C6_DL_Learn_Spec\Instr_Slides_NB\Lesson_02_Introduction_to_Deep_Learning,C:\Users\marti\OneDrive\Desktop\Horizon Archive\Simplilearn Training Files\C6_DL_Learn_Spec\C6_DL_Learn_Spec\Instr_Slides_NB\L02_Intro_DL
C:\Users\marti\OneDrive\Desktop\Horizon Archive\Simplilearn Training Files\C6_DL_Learn_Spec\C6_DL_Learn_Spec\Instr_Slides_NB\Lesson_08_Convolutional_Neural_Networks,C:\Users\marti\OneDrive\Desktop\Horizon Archive\Simplilearn Training Files\C6_DL_Learn_Spec\C6_DL_Learn_Spec\Instr_Slides_NB\L08_CNNs
C:\Users\marti\OneDrive\Desktop\Horizon Archive\Simplilearn Training Files\C6_DL_Learn_Spec\C6_DL_Learn_Spec\Instr_Slides_NB\L05_TensorFlow\Lesson_05_TensorFlow.pdf,C:\Users\marti\OneDrive\Desktop\Horizon Archive\Simplilearn Training Files\C6_DL_Learn_Spec\C6_DL_Learn_Spec\Instr_Slides_NB\L05_TensorFlow\L05_Tensor.pdf
C:\Users\marti\OneDrive\Desktop\Horizon Archive\Simplilearn Training Files\C4_Appl_Data_Sci_Py\C4_Appl_Data_Sci_Py\Instr_Slides_NB_Upd\Lesson_05_Data_Visualization,C:\Users\marti\OneDrive\Desktop\Horizon Archive\Simplilearn Training Files\C4_Appl_Data_Sci_Py\C4_Appl_Data_Sci_Py\Instr_Slides_NB_Upd\L05_Data_Viz
C:\Users\marti\OneDrive\Desktop\Horizon Archive\Simplilearn Training Files\C4_Appl_Data_Sci_Py\C4_Appl_Data_Sci_Py\Data\L04_Work_Pandas\Assisted_Practice_Dataset,C:\Users\marti\OneDrive\Desktop\Horizon Archive\Simplilearn Training Files\C4_Appl_Data_Sci_Py\C4_Appl_Data_Sci_Py\Data\L04_Work_Pandas\Assi_Prac_Data
C:\Users\marti\OneDrive\Desktop\Horizon Archive\Simplilearn Training Files\C4_Appl_Data_Sci_Py\C4_Appl_Data_Sci_Py\Data\L12_Data_Viz\12.18_Introduction_to_Plotly,C:\Users\marti\OneDrive\Desktop\Horizon Archive\Simplilearn Training Files\C4_Appl_Data_Sci_Py\C4_Appl_Data_Sci_Py\Data\L12_Data_Viz\12.18_Intro_Plotly
C:\Users\marti\OneDrive\Desktop\Horizon Archive\Simplilearn Training Files\C4_Appl_Data_Sci_Py\C4_Appl_Data_Sci_Py\Data\L12_Data_Viz\12.19_Introduction_to_Bokeh,C:\Users\marti\OneDrive\Desktop\Horizon Archive\Simplilearn Training Files\C4_Appl_Data_Sci_Py\C4_Appl_Data_Sci_Py\Data\L12_Data_Viz\12.19_Intro_Bokeh
C:\Users\marti\OneDrive\Desktop\Horizon Archive\Simplilearn Training Files\C4_Appl_Data_Sci_Py\C4_Appl_Data_Sci_Py\Instr_Slides_NB_Upd\Lesson_09_Data_Wrangling,C:\Users\marti\OneDrive\Desktop\Horizon Archive\Simplilearn Training Files\C4_Appl_Data_Sci_Py\C4_Appl_Data_Sci_Py\Instr_Slides_NB_Upd\L09_Data_Wrangling
C:\Users\marti\OneDrive\Desktop\Horizon Archive\Simplilearn Training Files\C4_Appl_Data_Sci_Py\C4_Appl_Data_Sci_Py\Data\L07_Prob_Dist\Assisted Practice Dataset,C:\Users\marti\OneDrive\Desktop\Horizon Archive\Simplilearn Training Files\C4_Appl_Data_Sci_Py\C4_Appl_Data_Sci_Py\Data\L07_Prob_Dist\Assi_Prac_Data
C:\Users\marti\OneDrive\Desktop\Horizon Archive\Simplilearn Training Files\C4_Appl_Data_Sci_Py\C4_Appl_Data_Sci_Py\Data\L08_Adv_Stats\Assisted Practice Dataset,C:\Users\marti\OneDrive\Desktop\Horizon Archive\Simplilearn Training Files\C4_Appl_Data_Sci_Py\C4_Appl_Data_Sci_Py\Data\L08_Adv_Stats\Assi_Prac_Data
C:\Users\marti\OneDrive\Desktop\Horizon Archive\Simplilearn Training Files\C5_ML_Learn_Using_Py\C5_ML_Learn_Using_Py\Data\CEP_Data\Merced_Benz_Greene_Manufa_Da,C:\Users\marti\OneDrive\Desktop\Horizon Archive\Simplilearn Training Files\C5_ML_Learn_Using_Py\C5_ML_Learn_Using_Py\Data\CEP_Data\Merc_Benz_Gree_Manu_Da
C:\Users\marti\OneDrive\Desktop\Horizon Archive\Simplilearn Training Files\C4_Appl_Data_Sci_Py\C4_Appl_Data_Sci_Py\Data\L05_Data_Viz\Assisted_Practice_Dataset,C:\Users\marti\OneDrive\Desktop\Horizon Archive\Simplilearn Training Files\C4_Appl_Data_Sci_Py\C4_Appl_Data_Sci_Py\Data\L05_Data_Viz\Assi_Prac_Data
C:\Users\marti\OneDrive\Desktop\Horizon Archive\Simplilearn Training Files\C4_Appl_Data_Sci_Py\C4_Appl_Data_Sci_Py\Data\L10_Feat_Eng\Assisted_Ptactice_Dataset,C:\Users\marti\OneDrive\Desktop\Horizon Archive\Simplilearn Training Files\C4_Appl_Data_Sci_Py\C4_Appl_Data_Sci_Py\Data\L10_Feat_Eng\Assi_Ptac_Data
C:\Users\marti\OneDrive\Desktop\Horizon Archive\Simplilearn Training Files\C6_DL_Learn_Spec\C6_DL_Learn_Spec\Instr_Slides_NB\L06_PyTorch\Lesson_06_PyTorch.pdf,C:\Users\marti\OneDrive\Desktop\Horizon Archive\Simplilearn Training Files\C6_DL_Learn_Spec\C6_DL_Learn_Spec\Instr_Slides_NB\L06_PyTorch\L06_PyTorch.pdf
C:\Users\marti\OneDrive\Desktop\Horizon Archive\Simplilearn Training Files\C3_Py_for_AI\C3_Py_for_AI\Guided_Pract\L01_Guided_Practi_Intro_Py_Fund_Se.pdf,C:\Users\marti\OneDrive\Desktop\Horizon Archive\Simplilearn Training Files\C3_Py_for_AI\C3_Py_for_AI\Guided_Pract\L01_Guid_Prac_Intr_Py_Fund_S.pdf
C:\Users\marti\OneDrive\Desktop\Horizon Archive\Simplilearn Training Files\C3_Py_for_AI\C3_Py_for_AI\Instr_Slides\L03_Funcs_OOPs_File_Err_Handli_(1).pdf,C:\Users\marti\OneDrive\Desktop\Horizon Archive\Simplilearn Training Files\C3_Py_for_AI\C3_Py_for_AI\Instr_Slides\L03_Func_OOPs_File_Err_Hand.pdf
C:\Users\marti\OneDrive\Desktop\Horizon Archive\Simplilearn Training Files\C3_Py_for_AI\C3_Py_for_AI\Instr_Slides\L04_Practi_Use_AI_Code_Gen_Tools.pdf,C:\Users\marti\OneDrive\Desktop\Horizon Archive\Simplilearn Training Files\C3_Py_for_AI\C3_Py_for_AI\Instr_Slides\L04_Prac_Use_AI_Code_Gen_Too.pdf
C:\Users\marti\OneDrive\Desktop\Horizon Archive\Simplilearn Training Files\C6_DL_Learn_Spec\C6_DL_Learn_Spec\Instr_Slides_NB\L12_Transf_Models_for_NLP,C:\Users\marti\OneDrive\Desktop\Horizon Archive\Simplilearn Training Files\C6_DL_Learn_Spec\C6_DL_Learn_Spec\Instr_Slides_NB\L12_Tran_Mode_for_NLP
C:\Users\marti\OneDrive\Desktop\Horizon Archive\Simplilearn Training Files\C3_Py_for_AI\C3_Py_for_AI\Instr_Slides\L02_Data_Struct_Cond_Stmt_Loops.pdf,C:\Users\marti\OneDrive\Desktop\Horizon Archive\Simplilearn Training Files\C3_Py_for_AI\C3_Py_for_AI\Instr_Slides\L02_Data_Stru_Cond_Stmt_Loop.pdf
C:\Users\marti\OneDrive\Desktop\Horizon Archive\Simplilearn Training Files\C6_DL_Learn_Spec\C6_DL_Learn_Spec\Data\CEP_Data\Automatic_Port_Operation,C:\Users\marti\OneDrive\Desktop\Horizon Archive\Simplilearn Training Files\C6_DL_Learn_Spec\C6_DL_Learn_Spec\Data\CEP_Data\Auto_Port_Oper
C:\Users\marti\OneDrive\Desktop\Horizon Archive\Simplilearn Training Files\C6_DL_Learn_Spec\C6_DL_Learn_Spec\Instr_Slides_NB\L05_TensorFlow,C:\Users\marti\OneDrive\Desktop\Horizon Archive\Simplilearn Training Files\C6_DL_Learn_Spec\C6_DL_Learn_Spec\Instr_Slides_NB\L05_Tensor
C:\Users\marti\OneDrive\Desktop\Horizon Archive\Simplilearn Training Files\C3_Py_for_AI\C3_Py_for_AI\Demos\L02_Data_Struct_Cond_Stmt_Lo,C:\Users\marti\OneDrive\Desktop\Horizon Archive\Simplilearn Training Files\C3_Py_for_AI\C3_Py_for_AI\Demos\L02_Data_Stru_Cond_Stm
C:\Users\marti\OneDrive\Desktop\Horizon Archive\Simplilearn Training Files\C3_Py_for_AI\C3_Py_for_AI\Demos\L03_Funcs_OOPs_File_Err_Hand,C:\Users\marti\OneDrive\Desktop\Horizon Archive\Simplilearn Training Files\C3_Py_for_AI\C3_Py_for_AI\Demos\L03_Func_OOPs_File_Err
C:\Users\marti\OneDrive\Desktop\Horizon Archive\Simplilearn Training Files\C3_Py_for_AI\C3_Py_for_AI\Demos\L04_Practi_Use_AI_Code_Gen_T,C:\Users\marti\OneDrive\Desktop\Horizon Archive\Simplilearn Training Files\C3_Py_for_AI\C3_Py_for_AI\Demos\L04_Prac_Use_AI_Code_G
C:\Users\marti\OneDrive\Desktop\Horizon Archive\Simplilearn Training Files\C3_Py_for_AI\C3_Py_for_AI\Demos\L01_Intro_Py_Fund_Setup,C:\Users\marti\OneDrive\Desktop\Horizon Archive\Simplilearn Training Files\C3_Py_for_AI\C3_Py_for_AI\Demos\L01_Intr_Py_Fund_Setu
